Classic Timing Analyzer report for KeyScanning
Fri Nov 14 12:35:32 2025
Quartus II Version 9.0 Build 235 06/17/2009 Service Pack 2 SJ Web Edition


---------------------
; Table of Contents ;
---------------------
  1. Legal Notice
  2. Timing Analyzer Summary
  3. Timing Analyzer Settings
  4. Clock Settings Summary
  5. Parallel Compilation
  6. Clock Setup: 'OSC'
  7. Clock Hold: 'OSC'
  8. tsu
  9. tco
 10. th
 11. Timing Analyzer Messages



----------------
; Legal Notice ;
----------------
Copyright (C) 1991-2009 Altera Corporation
Your use of Altera Corporation's design tools, logic functions 
and other software and tools, and its AMPP partner logic 
functions, and any output files from any of the foregoing 
(including device programming or simulation files), and any 
associated documentation or information are expressly subject 
to the terms and conditions of the Altera Program License 
Subscription Agreement, Altera MegaCore Function License 
Agreement, or other applicable license agreement, including, 
without limitation, that your use is for the sole purpose of 
programming logic devices manufactured by Altera and sold by 
Altera or its authorized distributors.  Please refer to the 
applicable agreement for further details.



+-------------------------------------------------------------------------------------------------------------------------------------------------------------------------------------------------------------------------------------------------------------------------------------------------------------------+
; Timing Analyzer Summary                                                                                                                                                                                                                                                                                           ;
+------------------------------+------------------------------------------+---------------+----------------------------------+------------------------------+----------------------------------------------------------------------------------------------------------------+------------+----------+--------------+
; Type                         ; Slack                                    ; Required Time ; Actual Time                      ; From                         ; To                                                                                                             ; From Clock ; To Clock ; Failed Paths ;
+------------------------------+------------------------------------------+---------------+----------------------------------+------------------------------+----------------------------------------------------------------------------------------------------------------+------------+----------+--------------+
; Worst-case tsu               ; N/A                                      ; None          ; -0.587 ns                        ; SW7                          ; Key:inst137|7474:inst|9                                                                                        ; --         ; OSC      ; 0            ;
; Worst-case tco               ; N/A                                      ; None          ; 54.149 ns                        ; 74161:inst73|f74161:sub|87   ; C3                                                                                                             ; OSC        ; --       ; 0            ;
; Worst-case th                ; N/A                                      ; None          ; 20.892 ns                        ; SW5                          ; Key:inst139|7474:inst|9                                                                                        ; --         ; OSC      ; 0            ;
; Clock Setup: 'OSC'           ; N/A                                      ; None          ; 23.66 MHz ( period = 42.257 ns ) ; 74161:inst155|f74161:sub|110 ; lpm_rom2:inst51|altsyncram:altsyncram_component|altsyncram_tq21:auto_generated|ram_block1a0~porta_address_reg6 ; OSC        ; OSC      ; 0            ;
; Clock Hold: 'OSC'            ; Not operational: Clock Skew > Data Delay ; None          ; N/A                              ; Key:inst50|7474:inst|9       ; 74163:inst151|f74163:sub|134                                                                                   ; OSC        ; OSC      ; 39           ;
; Total number of failed paths ;                                          ;               ;                                  ;                              ;                                                                                                                ;            ;          ; 39           ;
+------------------------------+------------------------------------------+---------------+----------------------------------+------------------------------+----------------------------------------------------------------------------------------------------------------+------------+----------+--------------+


+--------------------------------------------------------------------------------------------------------------------+
; Timing Analyzer Settings                                                                                           ;
+---------------------------------------------------------------------+--------------------+------+----+-------------+
; Option                                                              ; Setting            ; From ; To ; Entity Name ;
+---------------------------------------------------------------------+--------------------+------+----+-------------+
; Device Name                                                         ; EP1C3T144C8        ;      ;    ;             ;
; Timing Models                                                       ; Final              ;      ;    ;             ;
; Default hold multicycle                                             ; Same as Multicycle ;      ;    ;             ;
; Cut paths between unrelated clock domains                           ; On                 ;      ;    ;             ;
; Cut off read during write signal paths                              ; On                 ;      ;    ;             ;
; Cut off feedback from I/O pins                                      ; On                 ;      ;    ;             ;
; Report Combined Fast/Slow Timing                                    ; Off                ;      ;    ;             ;
; Ignore Clock Settings                                               ; Off                ;      ;    ;             ;
; Analyze latches as synchronous elements                             ; On                 ;      ;    ;             ;
; Enable Recovery/Removal analysis                                    ; Off                ;      ;    ;             ;
; Enable Clock Latency                                                ; Off                ;      ;    ;             ;
; Use TimeQuest Timing Analyzer                                       ; Off                ;      ;    ;             ;
; Minimum Core Junction Temperature                                   ; 0                  ;      ;    ;             ;
; Maximum Core Junction Temperature                                   ; 85                 ;      ;    ;             ;
; Number of source nodes to report per destination node               ; 10                 ;      ;    ;             ;
; Number of destination nodes to report                               ; 10                 ;      ;    ;             ;
; Number of paths to report                                           ; 200                ;      ;    ;             ;
; Report Minimum Timing Checks                                        ; Off                ;      ;    ;             ;
; Use Fast Timing Models                                              ; Off                ;      ;    ;             ;
; Report IO Paths Separately                                          ; Off                ;      ;    ;             ;
; Perform Multicorner Analysis                                        ; Off                ;      ;    ;             ;
; Reports the worst-case path for each clock domain and analysis      ; Off                ;      ;    ;             ;
; Removes common clock path pessimism (CCPP) during slack computation ; Off                ;      ;    ;             ;
; Output I/O Timing Endpoint                                          ; Near End           ;      ;    ;             ;
+---------------------------------------------------------------------+--------------------+------+----+-------------+


+------------------------------------------------------------------------------------------------------------------------------------------------------------------------------------+
; Clock Settings Summary                                                                                                                                                             ;
+-----------------+--------------------+----------+------------------+---------------+--------------+----------+-----------------------+---------------------+--------+--------------+
; Clock Node Name ; Clock Setting Name ; Type     ; Fmax Requirement ; Early Latency ; Late Latency ; Based on ; Multiply Base Fmax by ; Divide Base Fmax by ; Offset ; Phase offset ;
+-----------------+--------------------+----------+------------------+---------------+--------------+----------+-----------------------+---------------------+--------+--------------+
; OSC             ;                    ; User Pin ; None             ; 0.000 ns      ; 0.000 ns     ; --       ; N/A                   ; N/A                 ; N/A    ;              ;
+-----------------+--------------------+----------+------------------+---------------+--------------+----------+-----------------------+---------------------+--------+--------------+


+------------------------------------------+
; Parallel Compilation                     ;
+----------------------------+-------------+
; Processors                 ; Number      ;
+----------------------------+-------------+
; Number detected on machine ; 10          ;
; Maximum allowed            ; 4           ;
;                            ;             ;
; Average used               ; 1.00        ;
; Maximum used               ; 1           ;
;                            ;             ;
; Usage by Processor         ; % Time Used ;
;     1 processor            ; 100.0%      ;
;     2-10 processors        ;   0.0%      ;
+----------------------------+-------------+


+----------------------------------------------------------------------------------------------------------------------------------------------------------------------------------------------------------------------------------------------------------------------------------------------------------------------------------------------------------------------------------------------------------------------------------------------+
; Clock Setup: 'OSC'                                                                                                                                                                                                                                                                                                                                                                                                                           ;
+-----------------------------------------+-----------------------------------------------------+----------------------------------------------------------------------------------------------------------------+-----------------------------------------------------------------------------------------------------------------+------------+----------+-----------------------------+---------------------------+-------------------------+
; Slack                                   ; Actual fmax (period)                                ; From                                                                                                           ; To                                                                                                              ; From Clock ; To Clock ; Required Setup Relationship ; Required Longest P2P Time ; Actual Longest P2P Time ;
+-----------------------------------------+-----------------------------------------------------+----------------------------------------------------------------------------------------------------------------+-----------------------------------------------------------------------------------------------------------------+------------+----------+-----------------------------+---------------------------+-------------------------+
; N/A                                     ; 23.66 MHz ( period = 42.257 ns )                    ; 74161:inst155|f74161:sub|110                                                                                   ; lpm_rom2:inst51|altsyncram:altsyncram_component|altsyncram_tq21:auto_generated|ram_block1a0~porta_address_reg6  ; OSC        ; OSC      ; None                        ; None                      ; 3.098 ns                ;
; N/A                                     ; 23.67 MHz ( period = 42.252 ns )                    ; 74161:inst155|f74161:sub|99                                                                                    ; lpm_rom2:inst51|altsyncram:altsyncram_component|altsyncram_tq21:auto_generated|ram_block1a0~porta_address_reg5  ; OSC        ; OSC      ; None                        ; None                      ; 3.093 ns                ;
; N/A                                     ; 23.79 MHz ( period = 42.026 ns )                    ; 74161:inst155|f74161:sub|9                                                                                     ; lpm_rom2:inst51|altsyncram:altsyncram_component|altsyncram_tq21:auto_generated|ram_block1a0~porta_address_reg3  ; OSC        ; OSC      ; None                        ; None                      ; 2.867 ns                ;
; N/A                                     ; 23.80 MHz ( period = 42.018 ns )                    ; 74161:inst155|f74161:sub|87                                                                                    ; lpm_rom2:inst51|altsyncram:altsyncram_component|altsyncram_tq21:auto_generated|ram_block1a0~porta_address_reg4  ; OSC        ; OSC      ; None                        ; None                      ; 2.859 ns                ;
; N/A                                     ; 23.91 MHz ( period = 41.830 ns )                    ; 74161:inst155|f74161:sub|110                                                                                   ; lpm_rom2:inst51|altsyncram:altsyncram_component|altsyncram_tq21:auto_generated|ram_block1a10~porta_address_reg6 ; OSC        ; OSC      ; None                        ; None                      ; 2.671 ns                ;
; N/A                                     ; 23.91 MHz ( period = 41.822 ns )                    ; 74161:inst155|f74161:sub|99                                                                                    ; lpm_rom2:inst51|altsyncram:altsyncram_component|altsyncram_tq21:auto_generated|ram_block1a10~porta_address_reg5 ; OSC        ; OSC      ; None                        ; None                      ; 2.663 ns                ;
; N/A                                     ; 24.04 MHz ( period = 41.596 ns )                    ; 74161:inst155|f74161:sub|87                                                                                    ; lpm_rom2:inst51|altsyncram:altsyncram_component|altsyncram_tq21:auto_generated|ram_block1a10~porta_address_reg4 ; OSC        ; OSC      ; None                        ; None                      ; 2.437 ns                ;
; N/A                                     ; 24.04 MHz ( period = 41.591 ns )                    ; 74161:inst155|f74161:sub|9                                                                                     ; lpm_rom2:inst51|altsyncram:altsyncram_component|altsyncram_tq21:auto_generated|ram_block1a10~porta_address_reg3 ; OSC        ; OSC      ; None                        ; None                      ; 2.432 ns                ;
; N/A                                     ; 27.74 MHz ( period = 36.054 ns )                    ; 74175:inst18|15                                                                                                ; lpm_rom2:inst51|altsyncram:altsyncram_component|altsyncram_tq21:auto_generated|ram_block1a0~porta_address_reg4  ; OSC        ; OSC      ; None                        ; None                      ; 4.528 ns                ;
; N/A                                     ; 28.06 MHz ( period = 35.632 ns )                    ; 74175:inst18|15                                                                                                ; lpm_rom2:inst51|altsyncram:altsyncram_component|altsyncram_tq21:auto_generated|ram_block1a10~porta_address_reg4 ; OSC        ; OSC      ; None                        ; None                      ; 4.106 ns                ;
; N/A                                     ; 28.49 MHz ( period = 35.104 ns )                    ; 74175:inst18|14                                                                                                ; lpm_rom2:inst51|altsyncram:altsyncram_component|altsyncram_tq21:auto_generated|ram_block1a0~porta_address_reg5  ; OSC        ; OSC      ; None                        ; None                      ; 3.621 ns                ;
; N/A                                     ; 28.51 MHz ( period = 35.078 ns )                    ; 74175:inst18|16                                                                                                ; lpm_rom2:inst51|altsyncram:altsyncram_component|altsyncram_tq21:auto_generated|ram_block1a0~porta_address_reg3  ; OSC        ; OSC      ; None                        ; None                      ; 3.567 ns                ;
; N/A                                     ; 28.51 MHz ( period = 35.073 ns )                    ; 74175:inst18|13                                                                                                ; lpm_rom2:inst51|altsyncram:altsyncram_component|altsyncram_tq21:auto_generated|ram_block1a0~porta_address_reg6  ; OSC        ; OSC      ; None                        ; None                      ; 3.590 ns                ;
; N/A                                     ; 28.84 MHz ( period = 34.674 ns )                    ; 74175:inst18|14                                                                                                ; lpm_rom2:inst51|altsyncram:altsyncram_component|altsyncram_tq21:auto_generated|ram_block1a10~porta_address_reg5 ; OSC        ; OSC      ; None                        ; None                      ; 3.191 ns                ;
; N/A                                     ; 28.86 MHz ( period = 34.646 ns )                    ; 74175:inst18|13                                                                                                ; lpm_rom2:inst51|altsyncram:altsyncram_component|altsyncram_tq21:auto_generated|ram_block1a10~porta_address_reg6 ; OSC        ; OSC      ; None                        ; None                      ; 3.163 ns                ;
; N/A                                     ; 28.87 MHz ( period = 34.643 ns )                    ; 74175:inst18|16                                                                                                ; lpm_rom2:inst51|altsyncram:altsyncram_component|altsyncram_tq21:auto_generated|ram_block1a10~porta_address_reg3 ; OSC        ; OSC      ; None                        ; None                      ; 3.132 ns                ;
; N/A                                     ; 35.84 MHz ( period = 27.905 ns )                    ; 74161:inst38|f74161:sub|9                                                                                      ; lpm_rom2:inst51|altsyncram:altsyncram_component|altsyncram_tq21:auto_generated|ram_block1a10~porta_address_reg0 ; OSC        ; OSC      ; None                        ; None                      ; 2.273 ns                ;
; N/A                                     ; 35.86 MHz ( period = 27.885 ns )                    ; 74161:inst38|f74161:sub|87                                                                                     ; lpm_rom2:inst51|altsyncram:altsyncram_component|altsyncram_tq21:auto_generated|ram_block1a10~porta_address_reg1 ; OSC        ; OSC      ; None                        ; None                      ; 2.253 ns                ;
; N/A                                     ; 35.87 MHz ( period = 27.878 ns )                    ; 74161:inst38|f74161:sub|99                                                                                     ; lpm_rom2:inst51|altsyncram:altsyncram_component|altsyncram_tq21:auto_generated|ram_block1a10~porta_address_reg2 ; OSC        ; OSC      ; None                        ; None                      ; 2.246 ns                ;
; N/A                                     ; 36.41 MHz ( period = 27.468 ns )                    ; 74161:inst38|f74161:sub|9                                                                                      ; lpm_rom2:inst51|altsyncram:altsyncram_component|altsyncram_tq21:auto_generated|ram_block1a0~porta_address_reg0  ; OSC        ; OSC      ; None                        ; None                      ; 1.836 ns                ;
; N/A                                     ; 36.41 MHz ( period = 27.468 ns )                    ; 74161:inst38|f74161:sub|99                                                                                     ; lpm_rom2:inst51|altsyncram:altsyncram_component|altsyncram_tq21:auto_generated|ram_block1a0~porta_address_reg2  ; OSC        ; OSC      ; None                        ; None                      ; 1.836 ns                ;
; N/A                                     ; 36.44 MHz ( period = 27.440 ns )                    ; 74161:inst38|f74161:sub|87                                                                                     ; lpm_rom2:inst51|altsyncram:altsyncram_component|altsyncram_tq21:auto_generated|ram_block1a0~porta_address_reg1  ; OSC        ; OSC      ; None                        ; None                      ; 1.808 ns                ;
; N/A                                     ; 94.54 MHz ( period = 10.578 ns )                    ; Key:inst137|7474:inst|9                                                                                        ; lpm_rom2:inst51|altsyncram:altsyncram_component|altsyncram_tq21:auto_generated|ram_block1a0~porta_address_reg4  ; OSC        ; OSC      ; None                        ; None                      ; 3.863 ns                ;
; N/A                                     ; 98.46 MHz ( period = 10.156 ns )                    ; Key:inst137|7474:inst|9                                                                                        ; lpm_rom2:inst51|altsyncram:altsyncram_component|altsyncram_tq21:auto_generated|ram_block1a10~porta_address_reg4 ; OSC        ; OSC      ; None                        ; None                      ; 3.441 ns                ;
; N/A                                     ; 98.91 MHz ( period = 10.110 ns )                    ; Key:inst137|7474:inst|9                                                                                        ; lpm_rom2:inst51|altsyncram:altsyncram_component|altsyncram_tq21:auto_generated|ram_block1a0~porta_address_reg5  ; OSC        ; OSC      ; None                        ; None                      ; 3.395 ns                ;
; N/A                                     ; 99.02 MHz ( period = 10.099 ns )                    ; Key:inst137|7474:inst|9                                                                                        ; lpm_rom2:inst51|altsyncram:altsyncram_component|altsyncram_tq21:auto_generated|ram_block1a0~porta_address_reg6  ; OSC        ; OSC      ; None                        ; None                      ; 3.384 ns                ;
; N/A                                     ; 100.47 MHz ( period = 9.953 ns )                    ; Key:inst137|7474:inst|10                                                                                       ; lpm_rom2:inst51|altsyncram:altsyncram_component|altsyncram_tq21:auto_generated|ram_block1a0~porta_address_reg5  ; OSC        ; OSC      ; None                        ; None                      ; 3.238 ns                ;
; N/A                                     ; 100.54 MHz ( period = 9.946 ns )                    ; Key:inst137|7474:inst|10                                                                                       ; lpm_rom2:inst51|altsyncram:altsyncram_component|altsyncram_tq21:auto_generated|ram_block1a0~porta_address_reg6  ; OSC        ; OSC      ; None                        ; None                      ; 3.231 ns                ;
; N/A                                     ; 100.63 MHz ( period = 9.937 ns )                    ; Key:inst137|7474:inst|10                                                                                       ; lpm_rom2:inst51|altsyncram:altsyncram_component|altsyncram_tq21:auto_generated|ram_block1a0~porta_address_reg3  ; OSC        ; OSC      ; None                        ; None                      ; 3.222 ns                ;
; N/A                                     ; 103.31 MHz ( period = 9.680 ns )                    ; Key:inst137|7474:inst|9                                                                                        ; lpm_rom2:inst51|altsyncram:altsyncram_component|altsyncram_tq21:auto_generated|ram_block1a10~porta_address_reg5 ; OSC        ; OSC      ; None                        ; None                      ; 2.965 ns                ;
; N/A                                     ; 103.39 MHz ( period = 9.672 ns )                    ; Key:inst137|7474:inst|9                                                                                        ; lpm_rom2:inst51|altsyncram:altsyncram_component|altsyncram_tq21:auto_generated|ram_block1a10~porta_address_reg6 ; OSC        ; OSC      ; None                        ; None                      ; 2.957 ns                ;
; N/A                                     ; 105.01 MHz ( period = 9.523 ns )                    ; Key:inst137|7474:inst|10                                                                                       ; lpm_rom2:inst51|altsyncram:altsyncram_component|altsyncram_tq21:auto_generated|ram_block1a10~porta_address_reg5 ; OSC        ; OSC      ; None                        ; None                      ; 2.808 ns                ;
; N/A                                     ; 105.05 MHz ( period = 9.519 ns )                    ; Key:inst137|7474:inst|10                                                                                       ; lpm_rom2:inst51|altsyncram:altsyncram_component|altsyncram_tq21:auto_generated|ram_block1a10~porta_address_reg6 ; OSC        ; OSC      ; None                        ; None                      ; 2.804 ns                ;
; N/A                                     ; 105.24 MHz ( period = 9.502 ns )                    ; Key:inst137|7474:inst|10                                                                                       ; lpm_rom2:inst51|altsyncram:altsyncram_component|altsyncram_tq21:auto_generated|ram_block1a10~porta_address_reg3 ; OSC        ; OSC      ; None                        ; None                      ; 2.787 ns                ;
; N/A                                     ; 107.35 MHz ( period = 9.315 ns )                    ; Key:inst137|7474:inst|9                                                                                        ; lpm_rom2:inst51|altsyncram:altsyncram_component|altsyncram_tq21:auto_generated|ram_block1a0~porta_address_reg3  ; OSC        ; OSC      ; None                        ; None                      ; 2.600 ns                ;
; N/A                                     ; 107.41 MHz ( period = 9.310 ns )                    ; Key:inst137|7474:inst|10                                                                                       ; lpm_rom2:inst51|altsyncram:altsyncram_component|altsyncram_tq21:auto_generated|ram_block1a0~porta_address_reg4  ; OSC        ; OSC      ; None                        ; None                      ; 2.595 ns                ;
; N/A                                     ; 112.51 MHz ( period = 8.888 ns )                    ; Key:inst137|7474:inst|10                                                                                       ; lpm_rom2:inst51|altsyncram:altsyncram_component|altsyncram_tq21:auto_generated|ram_block1a10~porta_address_reg4 ; OSC        ; OSC      ; None                        ; None                      ; 2.173 ns                ;
; N/A                                     ; 112.61 MHz ( period = 8.880 ns )                    ; Key:inst137|7474:inst|9                                                                                        ; lpm_rom2:inst51|altsyncram:altsyncram_component|altsyncram_tq21:auto_generated|ram_block1a10~porta_address_reg3 ; OSC        ; OSC      ; None                        ; None                      ; 2.165 ns                ;
; N/A                                     ; 151.98 MHz ( period = 6.580 ns )                    ; 74163:inst1|f74163:sub|34                                                                                      ; 74163:inst1|f74163:sub|122                                                                                      ; OSC        ; OSC      ; None                        ; None                      ; 6.319 ns                ;
; N/A                                     ; 157.68 MHz ( period = 6.342 ns )                    ; 74163:inst1|f74163:sub|34                                                                                      ; 74163:inst1|f74163:sub|111                                                                                      ; OSC        ; OSC      ; None                        ; None                      ; 6.081 ns                ;
; N/A                                     ; 160.23 MHz ( period = 6.241 ns )                    ; 74163:inst1|f74163:sub|111                                                                                     ; 74163:inst1|f74163:sub|122                                                                                      ; OSC        ; OSC      ; None                        ; None                      ; 5.980 ns                ;
; N/A                                     ; 197.01 MHz ( period = 5.076 ns )                    ; lpm_rom2:inst51|altsyncram:altsyncram_component|altsyncram_tq21:auto_generated|ram_block1a0~porta_address_reg1 ; lpm_rom3:inst152|altsyncram:altsyncram_component|altsyncram_j031:auto_generated|q_a[15]                         ; OSC        ; OSC      ; None                        ; None                      ; 4.319 ns                ;
; N/A                                     ; 197.01 MHz ( period = 5.076 ns )                    ; lpm_rom2:inst51|altsyncram:altsyncram_component|altsyncram_tq21:auto_generated|ram_block1a0~porta_address_reg2 ; lpm_rom3:inst152|altsyncram:altsyncram_component|altsyncram_j031:auto_generated|q_a[15]                         ; OSC        ; OSC      ; None                        ; None                      ; 4.319 ns                ;
; N/A                                     ; 197.01 MHz ( period = 5.076 ns )                    ; lpm_rom2:inst51|altsyncram:altsyncram_component|altsyncram_tq21:auto_generated|ram_block1a0~porta_address_reg3 ; lpm_rom3:inst152|altsyncram:altsyncram_component|altsyncram_j031:auto_generated|q_a[15]                         ; OSC        ; OSC      ; None                        ; None                      ; 4.319 ns                ;
; N/A                                     ; 197.01 MHz ( period = 5.076 ns )                    ; lpm_rom2:inst51|altsyncram:altsyncram_component|altsyncram_tq21:auto_generated|ram_block1a0~porta_address_reg4 ; lpm_rom3:inst152|altsyncram:altsyncram_component|altsyncram_j031:auto_generated|q_a[15]                         ; OSC        ; OSC      ; None                        ; None                      ; 4.319 ns                ;
; N/A                                     ; 197.01 MHz ( period = 5.076 ns )                    ; lpm_rom2:inst51|altsyncram:altsyncram_component|altsyncram_tq21:auto_generated|ram_block1a0~porta_address_reg5 ; lpm_rom3:inst152|altsyncram:altsyncram_component|altsyncram_j031:auto_generated|q_a[15]                         ; OSC        ; OSC      ; None                        ; None                      ; 4.319 ns                ;
; N/A                                     ; 197.01 MHz ( period = 5.076 ns )                    ; lpm_rom2:inst51|altsyncram:altsyncram_component|altsyncram_tq21:auto_generated|ram_block1a0~porta_address_reg6 ; lpm_rom3:inst152|altsyncram:altsyncram_component|altsyncram_j031:auto_generated|q_a[15]                         ; OSC        ; OSC      ; None                        ; None                      ; 4.319 ns                ;
; N/A                                     ; 197.01 MHz ( period = 5.076 ns )                    ; lpm_rom2:inst51|altsyncram:altsyncram_component|altsyncram_tq21:auto_generated|ram_block1a0~porta_address_reg0 ; lpm_rom0:inst17|altsyncram:altsyncram_component|altsyncram_v231:auto_generated|q_a[15]                          ; OSC        ; OSC      ; None                        ; None                      ; 4.319 ns                ;
; N/A                                     ; 197.01 MHz ( period = 5.076 ns )                    ; lpm_rom2:inst51|altsyncram:altsyncram_component|altsyncram_tq21:auto_generated|ram_block1a0~porta_address_reg1 ; lpm_rom0:inst17|altsyncram:altsyncram_component|altsyncram_v231:auto_generated|q_a[15]                          ; OSC        ; OSC      ; None                        ; None                      ; 4.319 ns                ;
; N/A                                     ; 197.01 MHz ( period = 5.076 ns )                    ; lpm_rom2:inst51|altsyncram:altsyncram_component|altsyncram_tq21:auto_generated|ram_block1a0~porta_address_reg2 ; lpm_rom0:inst17|altsyncram:altsyncram_component|altsyncram_v231:auto_generated|q_a[15]                          ; OSC        ; OSC      ; None                        ; None                      ; 4.319 ns                ;
; N/A                                     ; 197.01 MHz ( period = 5.076 ns )                    ; lpm_rom2:inst51|altsyncram:altsyncram_component|altsyncram_tq21:auto_generated|ram_block1a0~porta_address_reg3 ; lpm_rom0:inst17|altsyncram:altsyncram_component|altsyncram_v231:auto_generated|q_a[15]                          ; OSC        ; OSC      ; None                        ; None                      ; 4.319 ns                ;
; N/A                                     ; 197.01 MHz ( period = 5.076 ns )                    ; lpm_rom2:inst51|altsyncram:altsyncram_component|altsyncram_tq21:auto_generated|ram_block1a0~porta_address_reg4 ; lpm_rom0:inst17|altsyncram:altsyncram_component|altsyncram_v231:auto_generated|q_a[15]                          ; OSC        ; OSC      ; None                        ; None                      ; 4.319 ns                ;
; N/A                                     ; 197.01 MHz ( period = 5.076 ns )                    ; lpm_rom2:inst51|altsyncram:altsyncram_component|altsyncram_tq21:auto_generated|ram_block1a0~porta_address_reg5 ; lpm_rom0:inst17|altsyncram:altsyncram_component|altsyncram_v231:auto_generated|q_a[15]                          ; OSC        ; OSC      ; None                        ; None                      ; 4.319 ns                ;
; N/A                                     ; 197.01 MHz ( period = 5.076 ns )                    ; lpm_rom2:inst51|altsyncram:altsyncram_component|altsyncram_tq21:auto_generated|ram_block1a0~porta_address_reg6 ; lpm_rom0:inst17|altsyncram:altsyncram_component|altsyncram_v231:auto_generated|q_a[15]                          ; OSC        ; OSC      ; None                        ; None                      ; 4.319 ns                ;
; N/A                                     ; 197.01 MHz ( period = 5.076 ns )                    ; lpm_rom2:inst51|altsyncram:altsyncram_component|altsyncram_tq21:auto_generated|ram_block1a0~porta_address_reg0 ; lpm_rom2:inst51|altsyncram:altsyncram_component|altsyncram_tq21:auto_generated|q_a[15]                          ; OSC        ; OSC      ; None                        ; None                      ; 4.319 ns                ;
; N/A                                     ; 197.01 MHz ( period = 5.076 ns )                    ; lpm_rom2:inst51|altsyncram:altsyncram_component|altsyncram_tq21:auto_generated|ram_block1a0~porta_address_reg1 ; lpm_rom2:inst51|altsyncram:altsyncram_component|altsyncram_tq21:auto_generated|q_a[15]                          ; OSC        ; OSC      ; None                        ; None                      ; 4.319 ns                ;
; N/A                                     ; 197.01 MHz ( period = 5.076 ns )                    ; lpm_rom2:inst51|altsyncram:altsyncram_component|altsyncram_tq21:auto_generated|ram_block1a0~porta_address_reg2 ; lpm_rom2:inst51|altsyncram:altsyncram_component|altsyncram_tq21:auto_generated|q_a[15]                          ; OSC        ; OSC      ; None                        ; None                      ; 4.319 ns                ;
; N/A                                     ; 197.01 MHz ( period = 5.076 ns )                    ; lpm_rom2:inst51|altsyncram:altsyncram_component|altsyncram_tq21:auto_generated|ram_block1a0~porta_address_reg3 ; lpm_rom2:inst51|altsyncram:altsyncram_component|altsyncram_tq21:auto_generated|q_a[15]                          ; OSC        ; OSC      ; None                        ; None                      ; 4.319 ns                ;
; N/A                                     ; 197.01 MHz ( period = 5.076 ns )                    ; lpm_rom2:inst51|altsyncram:altsyncram_component|altsyncram_tq21:auto_generated|ram_block1a0~porta_address_reg4 ; lpm_rom2:inst51|altsyncram:altsyncram_component|altsyncram_tq21:auto_generated|q_a[15]                          ; OSC        ; OSC      ; None                        ; None                      ; 4.319 ns                ;
; N/A                                     ; 197.01 MHz ( period = 5.076 ns )                    ; lpm_rom2:inst51|altsyncram:altsyncram_component|altsyncram_tq21:auto_generated|ram_block1a0~porta_address_reg5 ; lpm_rom2:inst51|altsyncram:altsyncram_component|altsyncram_tq21:auto_generated|q_a[15]                          ; OSC        ; OSC      ; None                        ; None                      ; 4.319 ns                ;
; N/A                                     ; 197.01 MHz ( period = 5.076 ns )                    ; lpm_rom2:inst51|altsyncram:altsyncram_component|altsyncram_tq21:auto_generated|ram_block1a0~porta_address_reg6 ; lpm_rom2:inst51|altsyncram:altsyncram_component|altsyncram_tq21:auto_generated|q_a[15]                          ; OSC        ; OSC      ; None                        ; None                      ; 4.319 ns                ;
; N/A                                     ; 197.01 MHz ( period = 5.076 ns )                    ; lpm_rom2:inst51|altsyncram:altsyncram_component|altsyncram_tq21:auto_generated|ram_block1a0~porta_address_reg0 ; lpm_rom1:inst48|altsyncram:altsyncram_component|altsyncram_sm31:auto_generated|q_a[15]                          ; OSC        ; OSC      ; None                        ; None                      ; 4.319 ns                ;
; N/A                                     ; 197.01 MHz ( period = 5.076 ns )                    ; lpm_rom2:inst51|altsyncram:altsyncram_component|altsyncram_tq21:auto_generated|ram_block1a0~porta_address_reg1 ; lpm_rom1:inst48|altsyncram:altsyncram_component|altsyncram_sm31:auto_generated|q_a[15]                          ; OSC        ; OSC      ; None                        ; None                      ; 4.319 ns                ;
; N/A                                     ; 197.01 MHz ( period = 5.076 ns )                    ; lpm_rom2:inst51|altsyncram:altsyncram_component|altsyncram_tq21:auto_generated|ram_block1a0~porta_address_reg2 ; lpm_rom1:inst48|altsyncram:altsyncram_component|altsyncram_sm31:auto_generated|q_a[15]                          ; OSC        ; OSC      ; None                        ; None                      ; 4.319 ns                ;
; N/A                                     ; 197.01 MHz ( period = 5.076 ns )                    ; lpm_rom2:inst51|altsyncram:altsyncram_component|altsyncram_tq21:auto_generated|ram_block1a0~porta_address_reg3 ; lpm_rom1:inst48|altsyncram:altsyncram_component|altsyncram_sm31:auto_generated|q_a[15]                          ; OSC        ; OSC      ; None                        ; None                      ; 4.319 ns                ;
; N/A                                     ; 197.01 MHz ( period = 5.076 ns )                    ; lpm_rom2:inst51|altsyncram:altsyncram_component|altsyncram_tq21:auto_generated|ram_block1a0~porta_address_reg4 ; lpm_rom1:inst48|altsyncram:altsyncram_component|altsyncram_sm31:auto_generated|q_a[15]                          ; OSC        ; OSC      ; None                        ; None                      ; 4.319 ns                ;
; N/A                                     ; 197.01 MHz ( period = 5.076 ns )                    ; lpm_rom2:inst51|altsyncram:altsyncram_component|altsyncram_tq21:auto_generated|ram_block1a0~porta_address_reg5 ; lpm_rom1:inst48|altsyncram:altsyncram_component|altsyncram_sm31:auto_generated|q_a[15]                          ; OSC        ; OSC      ; None                        ; None                      ; 4.319 ns                ;
; N/A                                     ; 197.01 MHz ( period = 5.076 ns )                    ; lpm_rom2:inst51|altsyncram:altsyncram_component|altsyncram_tq21:auto_generated|ram_block1a0~porta_address_reg6 ; lpm_rom1:inst48|altsyncram:altsyncram_component|altsyncram_sm31:auto_generated|q_a[15]                          ; OSC        ; OSC      ; None                        ; None                      ; 4.319 ns                ;
; N/A                                     ; 197.01 MHz ( period = 5.076 ns )                    ; lpm_rom2:inst51|altsyncram:altsyncram_component|altsyncram_tq21:auto_generated|ram_block1a0~porta_address_reg0 ; lpm_rom3:inst152|altsyncram:altsyncram_component|altsyncram_j031:auto_generated|q_a[12]                         ; OSC        ; OSC      ; None                        ; None                      ; 4.319 ns                ;
; N/A                                     ; 197.01 MHz ( period = 5.076 ns )                    ; lpm_rom2:inst51|altsyncram:altsyncram_component|altsyncram_tq21:auto_generated|ram_block1a0~porta_address_reg1 ; lpm_rom3:inst152|altsyncram:altsyncram_component|altsyncram_j031:auto_generated|q_a[12]                         ; OSC        ; OSC      ; None                        ; None                      ; 4.319 ns                ;
; N/A                                     ; 197.01 MHz ( period = 5.076 ns )                    ; lpm_rom2:inst51|altsyncram:altsyncram_component|altsyncram_tq21:auto_generated|ram_block1a0~porta_address_reg2 ; lpm_rom3:inst152|altsyncram:altsyncram_component|altsyncram_j031:auto_generated|q_a[12]                         ; OSC        ; OSC      ; None                        ; None                      ; 4.319 ns                ;
; N/A                                     ; 197.01 MHz ( period = 5.076 ns )                    ; lpm_rom2:inst51|altsyncram:altsyncram_component|altsyncram_tq21:auto_generated|ram_block1a0~porta_address_reg3 ; lpm_rom3:inst152|altsyncram:altsyncram_component|altsyncram_j031:auto_generated|q_a[12]                         ; OSC        ; OSC      ; None                        ; None                      ; 4.319 ns                ;
; N/A                                     ; 197.01 MHz ( period = 5.076 ns )                    ; lpm_rom2:inst51|altsyncram:altsyncram_component|altsyncram_tq21:auto_generated|ram_block1a0~porta_address_reg4 ; lpm_rom3:inst152|altsyncram:altsyncram_component|altsyncram_j031:auto_generated|q_a[12]                         ; OSC        ; OSC      ; None                        ; None                      ; 4.319 ns                ;
; N/A                                     ; 197.01 MHz ( period = 5.076 ns )                    ; lpm_rom2:inst51|altsyncram:altsyncram_component|altsyncram_tq21:auto_generated|ram_block1a0~porta_address_reg5 ; lpm_rom3:inst152|altsyncram:altsyncram_component|altsyncram_j031:auto_generated|q_a[12]                         ; OSC        ; OSC      ; None                        ; None                      ; 4.319 ns                ;
; N/A                                     ; 197.01 MHz ( period = 5.076 ns )                    ; lpm_rom2:inst51|altsyncram:altsyncram_component|altsyncram_tq21:auto_generated|ram_block1a0~porta_address_reg6 ; lpm_rom3:inst152|altsyncram:altsyncram_component|altsyncram_j031:auto_generated|q_a[12]                         ; OSC        ; OSC      ; None                        ; None                      ; 4.319 ns                ;
; N/A                                     ; 197.01 MHz ( period = 5.076 ns )                    ; lpm_rom2:inst51|altsyncram:altsyncram_component|altsyncram_tq21:auto_generated|ram_block1a0~porta_address_reg0 ; lpm_rom0:inst17|altsyncram:altsyncram_component|altsyncram_v231:auto_generated|q_a[12]                          ; OSC        ; OSC      ; None                        ; None                      ; 4.319 ns                ;
; N/A                                     ; 197.01 MHz ( period = 5.076 ns )                    ; lpm_rom2:inst51|altsyncram:altsyncram_component|altsyncram_tq21:auto_generated|ram_block1a0~porta_address_reg1 ; lpm_rom0:inst17|altsyncram:altsyncram_component|altsyncram_v231:auto_generated|q_a[12]                          ; OSC        ; OSC      ; None                        ; None                      ; 4.319 ns                ;
; N/A                                     ; 197.01 MHz ( period = 5.076 ns )                    ; lpm_rom2:inst51|altsyncram:altsyncram_component|altsyncram_tq21:auto_generated|ram_block1a0~porta_address_reg2 ; lpm_rom0:inst17|altsyncram:altsyncram_component|altsyncram_v231:auto_generated|q_a[12]                          ; OSC        ; OSC      ; None                        ; None                      ; 4.319 ns                ;
; N/A                                     ; 197.01 MHz ( period = 5.076 ns )                    ; lpm_rom2:inst51|altsyncram:altsyncram_component|altsyncram_tq21:auto_generated|ram_block1a0~porta_address_reg3 ; lpm_rom0:inst17|altsyncram:altsyncram_component|altsyncram_v231:auto_generated|q_a[12]                          ; OSC        ; OSC      ; None                        ; None                      ; 4.319 ns                ;
; N/A                                     ; 197.01 MHz ( period = 5.076 ns )                    ; lpm_rom2:inst51|altsyncram:altsyncram_component|altsyncram_tq21:auto_generated|ram_block1a0~porta_address_reg4 ; lpm_rom0:inst17|altsyncram:altsyncram_component|altsyncram_v231:auto_generated|q_a[12]                          ; OSC        ; OSC      ; None                        ; None                      ; 4.319 ns                ;
; N/A                                     ; 197.01 MHz ( period = 5.076 ns )                    ; lpm_rom2:inst51|altsyncram:altsyncram_component|altsyncram_tq21:auto_generated|ram_block1a0~porta_address_reg5 ; lpm_rom0:inst17|altsyncram:altsyncram_component|altsyncram_v231:auto_generated|q_a[12]                          ; OSC        ; OSC      ; None                        ; None                      ; 4.319 ns                ;
; N/A                                     ; 197.01 MHz ( period = 5.076 ns )                    ; lpm_rom2:inst51|altsyncram:altsyncram_component|altsyncram_tq21:auto_generated|ram_block1a0~porta_address_reg6 ; lpm_rom0:inst17|altsyncram:altsyncram_component|altsyncram_v231:auto_generated|q_a[12]                          ; OSC        ; OSC      ; None                        ; None                      ; 4.319 ns                ;
; N/A                                     ; 197.01 MHz ( period = 5.076 ns )                    ; lpm_rom2:inst51|altsyncram:altsyncram_component|altsyncram_tq21:auto_generated|ram_block1a0~porta_address_reg0 ; lpm_rom1:inst48|altsyncram:altsyncram_component|altsyncram_sm31:auto_generated|q_a[12]                          ; OSC        ; OSC      ; None                        ; None                      ; 4.319 ns                ;
; N/A                                     ; 197.01 MHz ( period = 5.076 ns )                    ; lpm_rom2:inst51|altsyncram:altsyncram_component|altsyncram_tq21:auto_generated|ram_block1a0~porta_address_reg1 ; lpm_rom1:inst48|altsyncram:altsyncram_component|altsyncram_sm31:auto_generated|q_a[12]                          ; OSC        ; OSC      ; None                        ; None                      ; 4.319 ns                ;
; N/A                                     ; 197.01 MHz ( period = 5.076 ns )                    ; lpm_rom2:inst51|altsyncram:altsyncram_component|altsyncram_tq21:auto_generated|ram_block1a0~porta_address_reg2 ; lpm_rom1:inst48|altsyncram:altsyncram_component|altsyncram_sm31:auto_generated|q_a[12]                          ; OSC        ; OSC      ; None                        ; None                      ; 4.319 ns                ;
; N/A                                     ; 197.01 MHz ( period = 5.076 ns )                    ; lpm_rom2:inst51|altsyncram:altsyncram_component|altsyncram_tq21:auto_generated|ram_block1a0~porta_address_reg3 ; lpm_rom1:inst48|altsyncram:altsyncram_component|altsyncram_sm31:auto_generated|q_a[12]                          ; OSC        ; OSC      ; None                        ; None                      ; 4.319 ns                ;
; N/A                                     ; 197.01 MHz ( period = 5.076 ns )                    ; lpm_rom2:inst51|altsyncram:altsyncram_component|altsyncram_tq21:auto_generated|ram_block1a0~porta_address_reg4 ; lpm_rom1:inst48|altsyncram:altsyncram_component|altsyncram_sm31:auto_generated|q_a[12]                          ; OSC        ; OSC      ; None                        ; None                      ; 4.319 ns                ;
; N/A                                     ; 197.01 MHz ( period = 5.076 ns )                    ; lpm_rom2:inst51|altsyncram:altsyncram_component|altsyncram_tq21:auto_generated|ram_block1a0~porta_address_reg5 ; lpm_rom1:inst48|altsyncram:altsyncram_component|altsyncram_sm31:auto_generated|q_a[12]                          ; OSC        ; OSC      ; None                        ; None                      ; 4.319 ns                ;
; N/A                                     ; 197.01 MHz ( period = 5.076 ns )                    ; lpm_rom2:inst51|altsyncram:altsyncram_component|altsyncram_tq21:auto_generated|ram_block1a0~porta_address_reg6 ; lpm_rom1:inst48|altsyncram:altsyncram_component|altsyncram_sm31:auto_generated|q_a[12]                          ; OSC        ; OSC      ; None                        ; None                      ; 4.319 ns                ;
; N/A                                     ; 197.01 MHz ( period = 5.076 ns )                    ; lpm_rom2:inst51|altsyncram:altsyncram_component|altsyncram_tq21:auto_generated|ram_block1a0~porta_address_reg0 ; lpm_rom2:inst51|altsyncram:altsyncram_component|altsyncram_tq21:auto_generated|q_a[12]                          ; OSC        ; OSC      ; None                        ; None                      ; 4.319 ns                ;
; N/A                                     ; 197.01 MHz ( period = 5.076 ns )                    ; lpm_rom2:inst51|altsyncram:altsyncram_component|altsyncram_tq21:auto_generated|ram_block1a0~porta_address_reg1 ; lpm_rom2:inst51|altsyncram:altsyncram_component|altsyncram_tq21:auto_generated|q_a[12]                          ; OSC        ; OSC      ; None                        ; None                      ; 4.319 ns                ;
; N/A                                     ; 197.01 MHz ( period = 5.076 ns )                    ; lpm_rom2:inst51|altsyncram:altsyncram_component|altsyncram_tq21:auto_generated|ram_block1a0~porta_address_reg2 ; lpm_rom2:inst51|altsyncram:altsyncram_component|altsyncram_tq21:auto_generated|q_a[12]                          ; OSC        ; OSC      ; None                        ; None                      ; 4.319 ns                ;
; N/A                                     ; 197.01 MHz ( period = 5.076 ns )                    ; lpm_rom2:inst51|altsyncram:altsyncram_component|altsyncram_tq21:auto_generated|ram_block1a0~porta_address_reg3 ; lpm_rom2:inst51|altsyncram:altsyncram_component|altsyncram_tq21:auto_generated|q_a[12]                          ; OSC        ; OSC      ; None                        ; None                      ; 4.319 ns                ;
; N/A                                     ; 197.01 MHz ( period = 5.076 ns )                    ; lpm_rom2:inst51|altsyncram:altsyncram_component|altsyncram_tq21:auto_generated|ram_block1a0~porta_address_reg4 ; lpm_rom2:inst51|altsyncram:altsyncram_component|altsyncram_tq21:auto_generated|q_a[12]                          ; OSC        ; OSC      ; None                        ; None                      ; 4.319 ns                ;
; N/A                                     ; 197.01 MHz ( period = 5.076 ns )                    ; lpm_rom2:inst51|altsyncram:altsyncram_component|altsyncram_tq21:auto_generated|ram_block1a0~porta_address_reg5 ; lpm_rom2:inst51|altsyncram:altsyncram_component|altsyncram_tq21:auto_generated|q_a[12]                          ; OSC        ; OSC      ; None                        ; None                      ; 4.319 ns                ;
; N/A                                     ; 197.01 MHz ( period = 5.076 ns )                    ; lpm_rom2:inst51|altsyncram:altsyncram_component|altsyncram_tq21:auto_generated|ram_block1a0~porta_address_reg6 ; lpm_rom2:inst51|altsyncram:altsyncram_component|altsyncram_tq21:auto_generated|q_a[12]                          ; OSC        ; OSC      ; None                        ; None                      ; 4.319 ns                ;
; N/A                                     ; 197.01 MHz ( period = 5.076 ns )                    ; lpm_rom2:inst51|altsyncram:altsyncram_component|altsyncram_tq21:auto_generated|ram_block1a0~porta_address_reg0 ; lpm_rom3:inst152|altsyncram:altsyncram_component|altsyncram_j031:auto_generated|q_a[14]                         ; OSC        ; OSC      ; None                        ; None                      ; 4.319 ns                ;
; N/A                                     ; 197.01 MHz ( period = 5.076 ns )                    ; lpm_rom2:inst51|altsyncram:altsyncram_component|altsyncram_tq21:auto_generated|ram_block1a0~porta_address_reg1 ; lpm_rom3:inst152|altsyncram:altsyncram_component|altsyncram_j031:auto_generated|q_a[14]                         ; OSC        ; OSC      ; None                        ; None                      ; 4.319 ns                ;
; N/A                                     ; 197.01 MHz ( period = 5.076 ns )                    ; lpm_rom2:inst51|altsyncram:altsyncram_component|altsyncram_tq21:auto_generated|ram_block1a0~porta_address_reg2 ; lpm_rom3:inst152|altsyncram:altsyncram_component|altsyncram_j031:auto_generated|q_a[14]                         ; OSC        ; OSC      ; None                        ; None                      ; 4.319 ns                ;
; N/A                                     ; 197.01 MHz ( period = 5.076 ns )                    ; lpm_rom2:inst51|altsyncram:altsyncram_component|altsyncram_tq21:auto_generated|ram_block1a0~porta_address_reg3 ; lpm_rom3:inst152|altsyncram:altsyncram_component|altsyncram_j031:auto_generated|q_a[14]                         ; OSC        ; OSC      ; None                        ; None                      ; 4.319 ns                ;
; N/A                                     ; 197.01 MHz ( period = 5.076 ns )                    ; lpm_rom2:inst51|altsyncram:altsyncram_component|altsyncram_tq21:auto_generated|ram_block1a0~porta_address_reg4 ; lpm_rom3:inst152|altsyncram:altsyncram_component|altsyncram_j031:auto_generated|q_a[14]                         ; OSC        ; OSC      ; None                        ; None                      ; 4.319 ns                ;
; N/A                                     ; 197.01 MHz ( period = 5.076 ns )                    ; lpm_rom2:inst51|altsyncram:altsyncram_component|altsyncram_tq21:auto_generated|ram_block1a0~porta_address_reg5 ; lpm_rom3:inst152|altsyncram:altsyncram_component|altsyncram_j031:auto_generated|q_a[14]                         ; OSC        ; OSC      ; None                        ; None                      ; 4.319 ns                ;
; N/A                                     ; 197.01 MHz ( period = 5.076 ns )                    ; lpm_rom2:inst51|altsyncram:altsyncram_component|altsyncram_tq21:auto_generated|ram_block1a0~porta_address_reg6 ; lpm_rom3:inst152|altsyncram:altsyncram_component|altsyncram_j031:auto_generated|q_a[14]                         ; OSC        ; OSC      ; None                        ; None                      ; 4.319 ns                ;
; N/A                                     ; 197.01 MHz ( period = 5.076 ns )                    ; lpm_rom2:inst51|altsyncram:altsyncram_component|altsyncram_tq21:auto_generated|ram_block1a0~porta_address_reg0 ; lpm_rom0:inst17|altsyncram:altsyncram_component|altsyncram_v231:auto_generated|q_a[14]                          ; OSC        ; OSC      ; None                        ; None                      ; 4.319 ns                ;
; N/A                                     ; 197.01 MHz ( period = 5.076 ns )                    ; lpm_rom2:inst51|altsyncram:altsyncram_component|altsyncram_tq21:auto_generated|ram_block1a0~porta_address_reg1 ; lpm_rom0:inst17|altsyncram:altsyncram_component|altsyncram_v231:auto_generated|q_a[14]                          ; OSC        ; OSC      ; None                        ; None                      ; 4.319 ns                ;
; N/A                                     ; 197.01 MHz ( period = 5.076 ns )                    ; lpm_rom2:inst51|altsyncram:altsyncram_component|altsyncram_tq21:auto_generated|ram_block1a0~porta_address_reg2 ; lpm_rom0:inst17|altsyncram:altsyncram_component|altsyncram_v231:auto_generated|q_a[14]                          ; OSC        ; OSC      ; None                        ; None                      ; 4.319 ns                ;
; N/A                                     ; 197.01 MHz ( period = 5.076 ns )                    ; lpm_rom2:inst51|altsyncram:altsyncram_component|altsyncram_tq21:auto_generated|ram_block1a0~porta_address_reg3 ; lpm_rom0:inst17|altsyncram:altsyncram_component|altsyncram_v231:auto_generated|q_a[14]                          ; OSC        ; OSC      ; None                        ; None                      ; 4.319 ns                ;
; N/A                                     ; 197.01 MHz ( period = 5.076 ns )                    ; lpm_rom2:inst51|altsyncram:altsyncram_component|altsyncram_tq21:auto_generated|ram_block1a0~porta_address_reg4 ; lpm_rom0:inst17|altsyncram:altsyncram_component|altsyncram_v231:auto_generated|q_a[14]                          ; OSC        ; OSC      ; None                        ; None                      ; 4.319 ns                ;
; N/A                                     ; 197.01 MHz ( period = 5.076 ns )                    ; lpm_rom2:inst51|altsyncram:altsyncram_component|altsyncram_tq21:auto_generated|ram_block1a0~porta_address_reg5 ; lpm_rom0:inst17|altsyncram:altsyncram_component|altsyncram_v231:auto_generated|q_a[14]                          ; OSC        ; OSC      ; None                        ; None                      ; 4.319 ns                ;
; N/A                                     ; 197.01 MHz ( period = 5.076 ns )                    ; lpm_rom2:inst51|altsyncram:altsyncram_component|altsyncram_tq21:auto_generated|ram_block1a0~porta_address_reg6 ; lpm_rom0:inst17|altsyncram:altsyncram_component|altsyncram_v231:auto_generated|q_a[14]                          ; OSC        ; OSC      ; None                        ; None                      ; 4.319 ns                ;
; N/A                                     ; 197.01 MHz ( period = 5.076 ns )                    ; lpm_rom2:inst51|altsyncram:altsyncram_component|altsyncram_tq21:auto_generated|ram_block1a0~porta_address_reg0 ; lpm_rom1:inst48|altsyncram:altsyncram_component|altsyncram_sm31:auto_generated|q_a[14]                          ; OSC        ; OSC      ; None                        ; None                      ; 4.319 ns                ;
; N/A                                     ; 197.01 MHz ( period = 5.076 ns )                    ; lpm_rom2:inst51|altsyncram:altsyncram_component|altsyncram_tq21:auto_generated|ram_block1a0~porta_address_reg1 ; lpm_rom1:inst48|altsyncram:altsyncram_component|altsyncram_sm31:auto_generated|q_a[14]                          ; OSC        ; OSC      ; None                        ; None                      ; 4.319 ns                ;
; N/A                                     ; 197.01 MHz ( period = 5.076 ns )                    ; lpm_rom2:inst51|altsyncram:altsyncram_component|altsyncram_tq21:auto_generated|ram_block1a0~porta_address_reg2 ; lpm_rom1:inst48|altsyncram:altsyncram_component|altsyncram_sm31:auto_generated|q_a[14]                          ; OSC        ; OSC      ; None                        ; None                      ; 4.319 ns                ;
; N/A                                     ; 197.01 MHz ( period = 5.076 ns )                    ; lpm_rom2:inst51|altsyncram:altsyncram_component|altsyncram_tq21:auto_generated|ram_block1a0~porta_address_reg3 ; lpm_rom1:inst48|altsyncram:altsyncram_component|altsyncram_sm31:auto_generated|q_a[14]                          ; OSC        ; OSC      ; None                        ; None                      ; 4.319 ns                ;
; N/A                                     ; 197.01 MHz ( period = 5.076 ns )                    ; lpm_rom2:inst51|altsyncram:altsyncram_component|altsyncram_tq21:auto_generated|ram_block1a0~porta_address_reg4 ; lpm_rom1:inst48|altsyncram:altsyncram_component|altsyncram_sm31:auto_generated|q_a[14]                          ; OSC        ; OSC      ; None                        ; None                      ; 4.319 ns                ;
; N/A                                     ; 197.01 MHz ( period = 5.076 ns )                    ; lpm_rom2:inst51|altsyncram:altsyncram_component|altsyncram_tq21:auto_generated|ram_block1a0~porta_address_reg5 ; lpm_rom1:inst48|altsyncram:altsyncram_component|altsyncram_sm31:auto_generated|q_a[14]                          ; OSC        ; OSC      ; None                        ; None                      ; 4.319 ns                ;
; N/A                                     ; 197.01 MHz ( period = 5.076 ns )                    ; lpm_rom2:inst51|altsyncram:altsyncram_component|altsyncram_tq21:auto_generated|ram_block1a0~porta_address_reg6 ; lpm_rom1:inst48|altsyncram:altsyncram_component|altsyncram_sm31:auto_generated|q_a[14]                          ; OSC        ; OSC      ; None                        ; None                      ; 4.319 ns                ;
; N/A                                     ; 197.01 MHz ( period = 5.076 ns )                    ; lpm_rom2:inst51|altsyncram:altsyncram_component|altsyncram_tq21:auto_generated|ram_block1a0~porta_address_reg0 ; lpm_rom2:inst51|altsyncram:altsyncram_component|altsyncram_tq21:auto_generated|q_a[14]                          ; OSC        ; OSC      ; None                        ; None                      ; 4.319 ns                ;
; N/A                                     ; 197.01 MHz ( period = 5.076 ns )                    ; lpm_rom2:inst51|altsyncram:altsyncram_component|altsyncram_tq21:auto_generated|ram_block1a0~porta_address_reg1 ; lpm_rom2:inst51|altsyncram:altsyncram_component|altsyncram_tq21:auto_generated|q_a[14]                          ; OSC        ; OSC      ; None                        ; None                      ; 4.319 ns                ;
; N/A                                     ; 197.01 MHz ( period = 5.076 ns )                    ; lpm_rom2:inst51|altsyncram:altsyncram_component|altsyncram_tq21:auto_generated|ram_block1a0~porta_address_reg2 ; lpm_rom2:inst51|altsyncram:altsyncram_component|altsyncram_tq21:auto_generated|q_a[14]                          ; OSC        ; OSC      ; None                        ; None                      ; 4.319 ns                ;
; N/A                                     ; 197.01 MHz ( period = 5.076 ns )                    ; lpm_rom2:inst51|altsyncram:altsyncram_component|altsyncram_tq21:auto_generated|ram_block1a0~porta_address_reg3 ; lpm_rom2:inst51|altsyncram:altsyncram_component|altsyncram_tq21:auto_generated|q_a[14]                          ; OSC        ; OSC      ; None                        ; None                      ; 4.319 ns                ;
; N/A                                     ; 197.01 MHz ( period = 5.076 ns )                    ; lpm_rom2:inst51|altsyncram:altsyncram_component|altsyncram_tq21:auto_generated|ram_block1a0~porta_address_reg4 ; lpm_rom2:inst51|altsyncram:altsyncram_component|altsyncram_tq21:auto_generated|q_a[14]                          ; OSC        ; OSC      ; None                        ; None                      ; 4.319 ns                ;
; N/A                                     ; 197.01 MHz ( period = 5.076 ns )                    ; lpm_rom2:inst51|altsyncram:altsyncram_component|altsyncram_tq21:auto_generated|ram_block1a0~porta_address_reg5 ; lpm_rom2:inst51|altsyncram:altsyncram_component|altsyncram_tq21:auto_generated|q_a[14]                          ; OSC        ; OSC      ; None                        ; None                      ; 4.319 ns                ;
; N/A                                     ; 197.01 MHz ( period = 5.076 ns )                    ; lpm_rom2:inst51|altsyncram:altsyncram_component|altsyncram_tq21:auto_generated|ram_block1a0~porta_address_reg6 ; lpm_rom2:inst51|altsyncram:altsyncram_component|altsyncram_tq21:auto_generated|q_a[14]                          ; OSC        ; OSC      ; None                        ; None                      ; 4.319 ns                ;
; N/A                                     ; 197.01 MHz ( period = 5.076 ns )                    ; lpm_rom2:inst51|altsyncram:altsyncram_component|altsyncram_tq21:auto_generated|ram_block1a0~porta_address_reg0 ; lpm_rom3:inst152|altsyncram:altsyncram_component|altsyncram_j031:auto_generated|q_a[1]                          ; OSC        ; OSC      ; None                        ; None                      ; 4.319 ns                ;
; N/A                                     ; 197.01 MHz ( period = 5.076 ns )                    ; lpm_rom2:inst51|altsyncram:altsyncram_component|altsyncram_tq21:auto_generated|ram_block1a0~porta_address_reg1 ; lpm_rom3:inst152|altsyncram:altsyncram_component|altsyncram_j031:auto_generated|q_a[1]                          ; OSC        ; OSC      ; None                        ; None                      ; 4.319 ns                ;
; N/A                                     ; 197.01 MHz ( period = 5.076 ns )                    ; lpm_rom2:inst51|altsyncram:altsyncram_component|altsyncram_tq21:auto_generated|ram_block1a0~porta_address_reg2 ; lpm_rom3:inst152|altsyncram:altsyncram_component|altsyncram_j031:auto_generated|q_a[1]                          ; OSC        ; OSC      ; None                        ; None                      ; 4.319 ns                ;
; N/A                                     ; 197.01 MHz ( period = 5.076 ns )                    ; lpm_rom2:inst51|altsyncram:altsyncram_component|altsyncram_tq21:auto_generated|ram_block1a0~porta_address_reg3 ; lpm_rom3:inst152|altsyncram:altsyncram_component|altsyncram_j031:auto_generated|q_a[1]                          ; OSC        ; OSC      ; None                        ; None                      ; 4.319 ns                ;
; N/A                                     ; 197.01 MHz ( period = 5.076 ns )                    ; lpm_rom2:inst51|altsyncram:altsyncram_component|altsyncram_tq21:auto_generated|ram_block1a0~porta_address_reg4 ; lpm_rom3:inst152|altsyncram:altsyncram_component|altsyncram_j031:auto_generated|q_a[1]                          ; OSC        ; OSC      ; None                        ; None                      ; 4.319 ns                ;
; N/A                                     ; 197.01 MHz ( period = 5.076 ns )                    ; lpm_rom2:inst51|altsyncram:altsyncram_component|altsyncram_tq21:auto_generated|ram_block1a0~porta_address_reg5 ; lpm_rom3:inst152|altsyncram:altsyncram_component|altsyncram_j031:auto_generated|q_a[1]                          ; OSC        ; OSC      ; None                        ; None                      ; 4.319 ns                ;
; N/A                                     ; 197.01 MHz ( period = 5.076 ns )                    ; lpm_rom2:inst51|altsyncram:altsyncram_component|altsyncram_tq21:auto_generated|ram_block1a0~porta_address_reg6 ; lpm_rom3:inst152|altsyncram:altsyncram_component|altsyncram_j031:auto_generated|q_a[1]                          ; OSC        ; OSC      ; None                        ; None                      ; 4.319 ns                ;
; N/A                                     ; 197.01 MHz ( period = 5.076 ns )                    ; lpm_rom2:inst51|altsyncram:altsyncram_component|altsyncram_tq21:auto_generated|ram_block1a0~porta_address_reg0 ; lpm_rom0:inst17|altsyncram:altsyncram_component|altsyncram_v231:auto_generated|q_a[1]                           ; OSC        ; OSC      ; None                        ; None                      ; 4.319 ns                ;
; N/A                                     ; 197.01 MHz ( period = 5.076 ns )                    ; lpm_rom2:inst51|altsyncram:altsyncram_component|altsyncram_tq21:auto_generated|ram_block1a0~porta_address_reg1 ; lpm_rom0:inst17|altsyncram:altsyncram_component|altsyncram_v231:auto_generated|q_a[1]                           ; OSC        ; OSC      ; None                        ; None                      ; 4.319 ns                ;
; N/A                                     ; 197.01 MHz ( period = 5.076 ns )                    ; lpm_rom2:inst51|altsyncram:altsyncram_component|altsyncram_tq21:auto_generated|ram_block1a0~porta_address_reg2 ; lpm_rom0:inst17|altsyncram:altsyncram_component|altsyncram_v231:auto_generated|q_a[1]                           ; OSC        ; OSC      ; None                        ; None                      ; 4.319 ns                ;
; N/A                                     ; 197.01 MHz ( period = 5.076 ns )                    ; lpm_rom2:inst51|altsyncram:altsyncram_component|altsyncram_tq21:auto_generated|ram_block1a0~porta_address_reg3 ; lpm_rom0:inst17|altsyncram:altsyncram_component|altsyncram_v231:auto_generated|q_a[1]                           ; OSC        ; OSC      ; None                        ; None                      ; 4.319 ns                ;
; N/A                                     ; 197.01 MHz ( period = 5.076 ns )                    ; lpm_rom2:inst51|altsyncram:altsyncram_component|altsyncram_tq21:auto_generated|ram_block1a0~porta_address_reg4 ; lpm_rom0:inst17|altsyncram:altsyncram_component|altsyncram_v231:auto_generated|q_a[1]                           ; OSC        ; OSC      ; None                        ; None                      ; 4.319 ns                ;
; N/A                                     ; 197.01 MHz ( period = 5.076 ns )                    ; lpm_rom2:inst51|altsyncram:altsyncram_component|altsyncram_tq21:auto_generated|ram_block1a0~porta_address_reg5 ; lpm_rom0:inst17|altsyncram:altsyncram_component|altsyncram_v231:auto_generated|q_a[1]                           ; OSC        ; OSC      ; None                        ; None                      ; 4.319 ns                ;
; N/A                                     ; 197.01 MHz ( period = 5.076 ns )                    ; lpm_rom2:inst51|altsyncram:altsyncram_component|altsyncram_tq21:auto_generated|ram_block1a0~porta_address_reg6 ; lpm_rom0:inst17|altsyncram:altsyncram_component|altsyncram_v231:auto_generated|q_a[1]                           ; OSC        ; OSC      ; None                        ; None                      ; 4.319 ns                ;
; N/A                                     ; 197.01 MHz ( period = 5.076 ns )                    ; lpm_rom2:inst51|altsyncram:altsyncram_component|altsyncram_tq21:auto_generated|ram_block1a0~porta_address_reg0 ; lpm_rom2:inst51|altsyncram:altsyncram_component|altsyncram_tq21:auto_generated|q_a[1]                           ; OSC        ; OSC      ; None                        ; None                      ; 4.319 ns                ;
; N/A                                     ; 197.01 MHz ( period = 5.076 ns )                    ; lpm_rom2:inst51|altsyncram:altsyncram_component|altsyncram_tq21:auto_generated|ram_block1a0~porta_address_reg1 ; lpm_rom2:inst51|altsyncram:altsyncram_component|altsyncram_tq21:auto_generated|q_a[1]                           ; OSC        ; OSC      ; None                        ; None                      ; 4.319 ns                ;
; N/A                                     ; 197.01 MHz ( period = 5.076 ns )                    ; lpm_rom2:inst51|altsyncram:altsyncram_component|altsyncram_tq21:auto_generated|ram_block1a0~porta_address_reg2 ; lpm_rom2:inst51|altsyncram:altsyncram_component|altsyncram_tq21:auto_generated|q_a[1]                           ; OSC        ; OSC      ; None                        ; None                      ; 4.319 ns                ;
; N/A                                     ; 197.01 MHz ( period = 5.076 ns )                    ; lpm_rom2:inst51|altsyncram:altsyncram_component|altsyncram_tq21:auto_generated|ram_block1a0~porta_address_reg3 ; lpm_rom2:inst51|altsyncram:altsyncram_component|altsyncram_tq21:auto_generated|q_a[1]                           ; OSC        ; OSC      ; None                        ; None                      ; 4.319 ns                ;
; N/A                                     ; 197.01 MHz ( period = 5.076 ns )                    ; lpm_rom2:inst51|altsyncram:altsyncram_component|altsyncram_tq21:auto_generated|ram_block1a0~porta_address_reg4 ; lpm_rom2:inst51|altsyncram:altsyncram_component|altsyncram_tq21:auto_generated|q_a[1]                           ; OSC        ; OSC      ; None                        ; None                      ; 4.319 ns                ;
; N/A                                     ; 197.01 MHz ( period = 5.076 ns )                    ; lpm_rom2:inst51|altsyncram:altsyncram_component|altsyncram_tq21:auto_generated|ram_block1a0~porta_address_reg5 ; lpm_rom2:inst51|altsyncram:altsyncram_component|altsyncram_tq21:auto_generated|q_a[1]                           ; OSC        ; OSC      ; None                        ; None                      ; 4.319 ns                ;
; N/A                                     ; 197.01 MHz ( period = 5.076 ns )                    ; lpm_rom2:inst51|altsyncram:altsyncram_component|altsyncram_tq21:auto_generated|ram_block1a0~porta_address_reg6 ; lpm_rom2:inst51|altsyncram:altsyncram_component|altsyncram_tq21:auto_generated|q_a[1]                           ; OSC        ; OSC      ; None                        ; None                      ; 4.319 ns                ;
; N/A                                     ; 197.01 MHz ( period = 5.076 ns )                    ; lpm_rom2:inst51|altsyncram:altsyncram_component|altsyncram_tq21:auto_generated|ram_block1a0~porta_address_reg0 ; lpm_rom1:inst48|altsyncram:altsyncram_component|altsyncram_sm31:auto_generated|q_a[1]                           ; OSC        ; OSC      ; None                        ; None                      ; 4.319 ns                ;
; N/A                                     ; 197.01 MHz ( period = 5.076 ns )                    ; lpm_rom2:inst51|altsyncram:altsyncram_component|altsyncram_tq21:auto_generated|ram_block1a0~porta_address_reg1 ; lpm_rom1:inst48|altsyncram:altsyncram_component|altsyncram_sm31:auto_generated|q_a[1]                           ; OSC        ; OSC      ; None                        ; None                      ; 4.319 ns                ;
; N/A                                     ; 197.01 MHz ( period = 5.076 ns )                    ; lpm_rom2:inst51|altsyncram:altsyncram_component|altsyncram_tq21:auto_generated|ram_block1a0~porta_address_reg2 ; lpm_rom1:inst48|altsyncram:altsyncram_component|altsyncram_sm31:auto_generated|q_a[1]                           ; OSC        ; OSC      ; None                        ; None                      ; 4.319 ns                ;
; N/A                                     ; 197.01 MHz ( period = 5.076 ns )                    ; lpm_rom2:inst51|altsyncram:altsyncram_component|altsyncram_tq21:auto_generated|ram_block1a0~porta_address_reg3 ; lpm_rom1:inst48|altsyncram:altsyncram_component|altsyncram_sm31:auto_generated|q_a[1]                           ; OSC        ; OSC      ; None                        ; None                      ; 4.319 ns                ;
; N/A                                     ; 197.01 MHz ( period = 5.076 ns )                    ; lpm_rom2:inst51|altsyncram:altsyncram_component|altsyncram_tq21:auto_generated|ram_block1a0~porta_address_reg4 ; lpm_rom1:inst48|altsyncram:altsyncram_component|altsyncram_sm31:auto_generated|q_a[1]                           ; OSC        ; OSC      ; None                        ; None                      ; 4.319 ns                ;
; N/A                                     ; 197.01 MHz ( period = 5.076 ns )                    ; lpm_rom2:inst51|altsyncram:altsyncram_component|altsyncram_tq21:auto_generated|ram_block1a0~porta_address_reg5 ; lpm_rom1:inst48|altsyncram:altsyncram_component|altsyncram_sm31:auto_generated|q_a[1]                           ; OSC        ; OSC      ; None                        ; None                      ; 4.319 ns                ;
; N/A                                     ; 197.01 MHz ( period = 5.076 ns )                    ; lpm_rom2:inst51|altsyncram:altsyncram_component|altsyncram_tq21:auto_generated|ram_block1a0~porta_address_reg6 ; lpm_rom1:inst48|altsyncram:altsyncram_component|altsyncram_sm31:auto_generated|q_a[1]                           ; OSC        ; OSC      ; None                        ; None                      ; 4.319 ns                ;
; N/A                                     ; 197.01 MHz ( period = 5.076 ns )                    ; lpm_rom2:inst51|altsyncram:altsyncram_component|altsyncram_tq21:auto_generated|ram_block1a0~porta_address_reg0 ; lpm_rom3:inst152|altsyncram:altsyncram_component|altsyncram_j031:auto_generated|q_a[3]                          ; OSC        ; OSC      ; None                        ; None                      ; 4.319 ns                ;
; N/A                                     ; 197.01 MHz ( period = 5.076 ns )                    ; lpm_rom2:inst51|altsyncram:altsyncram_component|altsyncram_tq21:auto_generated|ram_block1a0~porta_address_reg1 ; lpm_rom3:inst152|altsyncram:altsyncram_component|altsyncram_j031:auto_generated|q_a[3]                          ; OSC        ; OSC      ; None                        ; None                      ; 4.319 ns                ;
; N/A                                     ; 197.01 MHz ( period = 5.076 ns )                    ; lpm_rom2:inst51|altsyncram:altsyncram_component|altsyncram_tq21:auto_generated|ram_block1a0~porta_address_reg2 ; lpm_rom3:inst152|altsyncram:altsyncram_component|altsyncram_j031:auto_generated|q_a[3]                          ; OSC        ; OSC      ; None                        ; None                      ; 4.319 ns                ;
; N/A                                     ; 197.01 MHz ( period = 5.076 ns )                    ; lpm_rom2:inst51|altsyncram:altsyncram_component|altsyncram_tq21:auto_generated|ram_block1a0~porta_address_reg3 ; lpm_rom3:inst152|altsyncram:altsyncram_component|altsyncram_j031:auto_generated|q_a[3]                          ; OSC        ; OSC      ; None                        ; None                      ; 4.319 ns                ;
; N/A                                     ; 197.01 MHz ( period = 5.076 ns )                    ; lpm_rom2:inst51|altsyncram:altsyncram_component|altsyncram_tq21:auto_generated|ram_block1a0~porta_address_reg4 ; lpm_rom3:inst152|altsyncram:altsyncram_component|altsyncram_j031:auto_generated|q_a[3]                          ; OSC        ; OSC      ; None                        ; None                      ; 4.319 ns                ;
; N/A                                     ; 197.01 MHz ( period = 5.076 ns )                    ; lpm_rom2:inst51|altsyncram:altsyncram_component|altsyncram_tq21:auto_generated|ram_block1a0~porta_address_reg5 ; lpm_rom3:inst152|altsyncram:altsyncram_component|altsyncram_j031:auto_generated|q_a[3]                          ; OSC        ; OSC      ; None                        ; None                      ; 4.319 ns                ;
; N/A                                     ; 197.01 MHz ( period = 5.076 ns )                    ; lpm_rom2:inst51|altsyncram:altsyncram_component|altsyncram_tq21:auto_generated|ram_block1a0~porta_address_reg6 ; lpm_rom3:inst152|altsyncram:altsyncram_component|altsyncram_j031:auto_generated|q_a[3]                          ; OSC        ; OSC      ; None                        ; None                      ; 4.319 ns                ;
; N/A                                     ; 197.01 MHz ( period = 5.076 ns )                    ; lpm_rom2:inst51|altsyncram:altsyncram_component|altsyncram_tq21:auto_generated|ram_block1a0~porta_address_reg0 ; lpm_rom0:inst17|altsyncram:altsyncram_component|altsyncram_v231:auto_generated|q_a[3]                           ; OSC        ; OSC      ; None                        ; None                      ; 4.319 ns                ;
; N/A                                     ; 197.01 MHz ( period = 5.076 ns )                    ; lpm_rom2:inst51|altsyncram:altsyncram_component|altsyncram_tq21:auto_generated|ram_block1a0~porta_address_reg1 ; lpm_rom0:inst17|altsyncram:altsyncram_component|altsyncram_v231:auto_generated|q_a[3]                           ; OSC        ; OSC      ; None                        ; None                      ; 4.319 ns                ;
; N/A                                     ; 197.01 MHz ( period = 5.076 ns )                    ; lpm_rom2:inst51|altsyncram:altsyncram_component|altsyncram_tq21:auto_generated|ram_block1a0~porta_address_reg2 ; lpm_rom0:inst17|altsyncram:altsyncram_component|altsyncram_v231:auto_generated|q_a[3]                           ; OSC        ; OSC      ; None                        ; None                      ; 4.319 ns                ;
; N/A                                     ; 197.01 MHz ( period = 5.076 ns )                    ; lpm_rom2:inst51|altsyncram:altsyncram_component|altsyncram_tq21:auto_generated|ram_block1a0~porta_address_reg3 ; lpm_rom0:inst17|altsyncram:altsyncram_component|altsyncram_v231:auto_generated|q_a[3]                           ; OSC        ; OSC      ; None                        ; None                      ; 4.319 ns                ;
; N/A                                     ; 197.01 MHz ( period = 5.076 ns )                    ; lpm_rom2:inst51|altsyncram:altsyncram_component|altsyncram_tq21:auto_generated|ram_block1a0~porta_address_reg4 ; lpm_rom0:inst17|altsyncram:altsyncram_component|altsyncram_v231:auto_generated|q_a[3]                           ; OSC        ; OSC      ; None                        ; None                      ; 4.319 ns                ;
; N/A                                     ; 197.01 MHz ( period = 5.076 ns )                    ; lpm_rom2:inst51|altsyncram:altsyncram_component|altsyncram_tq21:auto_generated|ram_block1a0~porta_address_reg5 ; lpm_rom0:inst17|altsyncram:altsyncram_component|altsyncram_v231:auto_generated|q_a[3]                           ; OSC        ; OSC      ; None                        ; None                      ; 4.319 ns                ;
; N/A                                     ; 197.01 MHz ( period = 5.076 ns )                    ; lpm_rom2:inst51|altsyncram:altsyncram_component|altsyncram_tq21:auto_generated|ram_block1a0~porta_address_reg6 ; lpm_rom0:inst17|altsyncram:altsyncram_component|altsyncram_v231:auto_generated|q_a[3]                           ; OSC        ; OSC      ; None                        ; None                      ; 4.319 ns                ;
; N/A                                     ; 197.01 MHz ( period = 5.076 ns )                    ; lpm_rom2:inst51|altsyncram:altsyncram_component|altsyncram_tq21:auto_generated|ram_block1a0~porta_address_reg0 ; lpm_rom2:inst51|altsyncram:altsyncram_component|altsyncram_tq21:auto_generated|q_a[3]                           ; OSC        ; OSC      ; None                        ; None                      ; 4.319 ns                ;
; N/A                                     ; 197.01 MHz ( period = 5.076 ns )                    ; lpm_rom2:inst51|altsyncram:altsyncram_component|altsyncram_tq21:auto_generated|ram_block1a0~porta_address_reg1 ; lpm_rom2:inst51|altsyncram:altsyncram_component|altsyncram_tq21:auto_generated|q_a[3]                           ; OSC        ; OSC      ; None                        ; None                      ; 4.319 ns                ;
; N/A                                     ; 197.01 MHz ( period = 5.076 ns )                    ; lpm_rom2:inst51|altsyncram:altsyncram_component|altsyncram_tq21:auto_generated|ram_block1a0~porta_address_reg2 ; lpm_rom2:inst51|altsyncram:altsyncram_component|altsyncram_tq21:auto_generated|q_a[3]                           ; OSC        ; OSC      ; None                        ; None                      ; 4.319 ns                ;
; N/A                                     ; 197.01 MHz ( period = 5.076 ns )                    ; lpm_rom2:inst51|altsyncram:altsyncram_component|altsyncram_tq21:auto_generated|ram_block1a0~porta_address_reg3 ; lpm_rom2:inst51|altsyncram:altsyncram_component|altsyncram_tq21:auto_generated|q_a[3]                           ; OSC        ; OSC      ; None                        ; None                      ; 4.319 ns                ;
; N/A                                     ; 197.01 MHz ( period = 5.076 ns )                    ; lpm_rom2:inst51|altsyncram:altsyncram_component|altsyncram_tq21:auto_generated|ram_block1a0~porta_address_reg4 ; lpm_rom2:inst51|altsyncram:altsyncram_component|altsyncram_tq21:auto_generated|q_a[3]                           ; OSC        ; OSC      ; None                        ; None                      ; 4.319 ns                ;
; N/A                                     ; 197.01 MHz ( period = 5.076 ns )                    ; lpm_rom2:inst51|altsyncram:altsyncram_component|altsyncram_tq21:auto_generated|ram_block1a0~porta_address_reg5 ; lpm_rom2:inst51|altsyncram:altsyncram_component|altsyncram_tq21:auto_generated|q_a[3]                           ; OSC        ; OSC      ; None                        ; None                      ; 4.319 ns                ;
; N/A                                     ; 197.01 MHz ( period = 5.076 ns )                    ; lpm_rom2:inst51|altsyncram:altsyncram_component|altsyncram_tq21:auto_generated|ram_block1a0~porta_address_reg6 ; lpm_rom2:inst51|altsyncram:altsyncram_component|altsyncram_tq21:auto_generated|q_a[3]                           ; OSC        ; OSC      ; None                        ; None                      ; 4.319 ns                ;
; N/A                                     ; 197.01 MHz ( period = 5.076 ns )                    ; lpm_rom2:inst51|altsyncram:altsyncram_component|altsyncram_tq21:auto_generated|ram_block1a0~porta_address_reg0 ; lpm_rom1:inst48|altsyncram:altsyncram_component|altsyncram_sm31:auto_generated|q_a[3]                           ; OSC        ; OSC      ; None                        ; None                      ; 4.319 ns                ;
; N/A                                     ; 197.01 MHz ( period = 5.076 ns )                    ; lpm_rom2:inst51|altsyncram:altsyncram_component|altsyncram_tq21:auto_generated|ram_block1a0~porta_address_reg1 ; lpm_rom1:inst48|altsyncram:altsyncram_component|altsyncram_sm31:auto_generated|q_a[3]                           ; OSC        ; OSC      ; None                        ; None                      ; 4.319 ns                ;
; N/A                                     ; 197.01 MHz ( period = 5.076 ns )                    ; lpm_rom2:inst51|altsyncram:altsyncram_component|altsyncram_tq21:auto_generated|ram_block1a0~porta_address_reg2 ; lpm_rom1:inst48|altsyncram:altsyncram_component|altsyncram_sm31:auto_generated|q_a[3]                           ; OSC        ; OSC      ; None                        ; None                      ; 4.319 ns                ;
; N/A                                     ; 197.01 MHz ( period = 5.076 ns )                    ; lpm_rom2:inst51|altsyncram:altsyncram_component|altsyncram_tq21:auto_generated|ram_block1a0~porta_address_reg3 ; lpm_rom1:inst48|altsyncram:altsyncram_component|altsyncram_sm31:auto_generated|q_a[3]                           ; OSC        ; OSC      ; None                        ; None                      ; 4.319 ns                ;
; N/A                                     ; 197.01 MHz ( period = 5.076 ns )                    ; lpm_rom2:inst51|altsyncram:altsyncram_component|altsyncram_tq21:auto_generated|ram_block1a0~porta_address_reg4 ; lpm_rom1:inst48|altsyncram:altsyncram_component|altsyncram_sm31:auto_generated|q_a[3]                           ; OSC        ; OSC      ; None                        ; None                      ; 4.319 ns                ;
; N/A                                     ; 197.01 MHz ( period = 5.076 ns )                    ; lpm_rom2:inst51|altsyncram:altsyncram_component|altsyncram_tq21:auto_generated|ram_block1a0~porta_address_reg5 ; lpm_rom1:inst48|altsyncram:altsyncram_component|altsyncram_sm31:auto_generated|q_a[3]                           ; OSC        ; OSC      ; None                        ; None                      ; 4.319 ns                ;
; N/A                                     ; 197.01 MHz ( period = 5.076 ns )                    ; lpm_rom2:inst51|altsyncram:altsyncram_component|altsyncram_tq21:auto_generated|ram_block1a0~porta_address_reg6 ; lpm_rom1:inst48|altsyncram:altsyncram_component|altsyncram_sm31:auto_generated|q_a[3]                           ; OSC        ; OSC      ; None                        ; None                      ; 4.319 ns                ;
; N/A                                     ; 197.01 MHz ( period = 5.076 ns )                    ; lpm_rom2:inst51|altsyncram:altsyncram_component|altsyncram_tq21:auto_generated|ram_block1a0~porta_address_reg0 ; lpm_rom3:inst152|altsyncram:altsyncram_component|altsyncram_j031:auto_generated|q_a[0]                          ; OSC        ; OSC      ; None                        ; None                      ; 4.319 ns                ;
; N/A                                     ; 197.01 MHz ( period = 5.076 ns )                    ; lpm_rom2:inst51|altsyncram:altsyncram_component|altsyncram_tq21:auto_generated|ram_block1a0~porta_address_reg1 ; lpm_rom3:inst152|altsyncram:altsyncram_component|altsyncram_j031:auto_generated|q_a[0]                          ; OSC        ; OSC      ; None                        ; None                      ; 4.319 ns                ;
; N/A                                     ; 197.01 MHz ( period = 5.076 ns )                    ; lpm_rom2:inst51|altsyncram:altsyncram_component|altsyncram_tq21:auto_generated|ram_block1a0~porta_address_reg2 ; lpm_rom3:inst152|altsyncram:altsyncram_component|altsyncram_j031:auto_generated|q_a[0]                          ; OSC        ; OSC      ; None                        ; None                      ; 4.319 ns                ;
; N/A                                     ; 197.01 MHz ( period = 5.076 ns )                    ; lpm_rom2:inst51|altsyncram:altsyncram_component|altsyncram_tq21:auto_generated|ram_block1a0~porta_address_reg3 ; lpm_rom3:inst152|altsyncram:altsyncram_component|altsyncram_j031:auto_generated|q_a[0]                          ; OSC        ; OSC      ; None                        ; None                      ; 4.319 ns                ;
; N/A                                     ; 197.01 MHz ( period = 5.076 ns )                    ; lpm_rom2:inst51|altsyncram:altsyncram_component|altsyncram_tq21:auto_generated|ram_block1a0~porta_address_reg4 ; lpm_rom3:inst152|altsyncram:altsyncram_component|altsyncram_j031:auto_generated|q_a[0]                          ; OSC        ; OSC      ; None                        ; None                      ; 4.319 ns                ;
; N/A                                     ; 197.01 MHz ( period = 5.076 ns )                    ; lpm_rom2:inst51|altsyncram:altsyncram_component|altsyncram_tq21:auto_generated|ram_block1a0~porta_address_reg5 ; lpm_rom3:inst152|altsyncram:altsyncram_component|altsyncram_j031:auto_generated|q_a[0]                          ; OSC        ; OSC      ; None                        ; None                      ; 4.319 ns                ;
; N/A                                     ; 197.01 MHz ( period = 5.076 ns )                    ; lpm_rom2:inst51|altsyncram:altsyncram_component|altsyncram_tq21:auto_generated|ram_block1a0~porta_address_reg6 ; lpm_rom3:inst152|altsyncram:altsyncram_component|altsyncram_j031:auto_generated|q_a[0]                          ; OSC        ; OSC      ; None                        ; None                      ; 4.319 ns                ;
; N/A                                     ; 197.01 MHz ( period = 5.076 ns )                    ; lpm_rom2:inst51|altsyncram:altsyncram_component|altsyncram_tq21:auto_generated|ram_block1a0~porta_address_reg0 ; lpm_rom0:inst17|altsyncram:altsyncram_component|altsyncram_v231:auto_generated|q_a[0]                           ; OSC        ; OSC      ; None                        ; None                      ; 4.319 ns                ;
; N/A                                     ; 197.01 MHz ( period = 5.076 ns )                    ; lpm_rom2:inst51|altsyncram:altsyncram_component|altsyncram_tq21:auto_generated|ram_block1a0~porta_address_reg1 ; lpm_rom0:inst17|altsyncram:altsyncram_component|altsyncram_v231:auto_generated|q_a[0]                           ; OSC        ; OSC      ; None                        ; None                      ; 4.319 ns                ;
; N/A                                     ; 197.01 MHz ( period = 5.076 ns )                    ; lpm_rom2:inst51|altsyncram:altsyncram_component|altsyncram_tq21:auto_generated|ram_block1a0~porta_address_reg2 ; lpm_rom0:inst17|altsyncram:altsyncram_component|altsyncram_v231:auto_generated|q_a[0]                           ; OSC        ; OSC      ; None                        ; None                      ; 4.319 ns                ;
; N/A                                     ; 197.01 MHz ( period = 5.076 ns )                    ; lpm_rom2:inst51|altsyncram:altsyncram_component|altsyncram_tq21:auto_generated|ram_block1a0~porta_address_reg3 ; lpm_rom0:inst17|altsyncram:altsyncram_component|altsyncram_v231:auto_generated|q_a[0]                           ; OSC        ; OSC      ; None                        ; None                      ; 4.319 ns                ;
; N/A                                     ; 197.01 MHz ( period = 5.076 ns )                    ; lpm_rom2:inst51|altsyncram:altsyncram_component|altsyncram_tq21:auto_generated|ram_block1a0~porta_address_reg4 ; lpm_rom0:inst17|altsyncram:altsyncram_component|altsyncram_v231:auto_generated|q_a[0]                           ; OSC        ; OSC      ; None                        ; None                      ; 4.319 ns                ;
; N/A                                     ; 197.01 MHz ( period = 5.076 ns )                    ; lpm_rom2:inst51|altsyncram:altsyncram_component|altsyncram_tq21:auto_generated|ram_block1a0~porta_address_reg5 ; lpm_rom0:inst17|altsyncram:altsyncram_component|altsyncram_v231:auto_generated|q_a[0]                           ; OSC        ; OSC      ; None                        ; None                      ; 4.319 ns                ;
; N/A                                     ; 197.01 MHz ( period = 5.076 ns )                    ; lpm_rom2:inst51|altsyncram:altsyncram_component|altsyncram_tq21:auto_generated|ram_block1a0~porta_address_reg6 ; lpm_rom0:inst17|altsyncram:altsyncram_component|altsyncram_v231:auto_generated|q_a[0]                           ; OSC        ; OSC      ; None                        ; None                      ; 4.319 ns                ;
; N/A                                     ; 197.01 MHz ( period = 5.076 ns )                    ; lpm_rom2:inst51|altsyncram:altsyncram_component|altsyncram_tq21:auto_generated|ram_block1a0~porta_address_reg0 ; lpm_rom1:inst48|altsyncram:altsyncram_component|altsyncram_sm31:auto_generated|q_a[0]                           ; OSC        ; OSC      ; None                        ; None                      ; 4.319 ns                ;
; N/A                                     ; 197.01 MHz ( period = 5.076 ns )                    ; lpm_rom2:inst51|altsyncram:altsyncram_component|altsyncram_tq21:auto_generated|ram_block1a0~porta_address_reg1 ; lpm_rom1:inst48|altsyncram:altsyncram_component|altsyncram_sm31:auto_generated|q_a[0]                           ; OSC        ; OSC      ; None                        ; None                      ; 4.319 ns                ;
; N/A                                     ; 197.01 MHz ( period = 5.076 ns )                    ; lpm_rom2:inst51|altsyncram:altsyncram_component|altsyncram_tq21:auto_generated|ram_block1a0~porta_address_reg2 ; lpm_rom1:inst48|altsyncram:altsyncram_component|altsyncram_sm31:auto_generated|q_a[0]                           ; OSC        ; OSC      ; None                        ; None                      ; 4.319 ns                ;
; N/A                                     ; 197.01 MHz ( period = 5.076 ns )                    ; lpm_rom2:inst51|altsyncram:altsyncram_component|altsyncram_tq21:auto_generated|ram_block1a0~porta_address_reg3 ; lpm_rom1:inst48|altsyncram:altsyncram_component|altsyncram_sm31:auto_generated|q_a[0]                           ; OSC        ; OSC      ; None                        ; None                      ; 4.319 ns                ;
; N/A                                     ; 197.01 MHz ( period = 5.076 ns )                    ; lpm_rom2:inst51|altsyncram:altsyncram_component|altsyncram_tq21:auto_generated|ram_block1a0~porta_address_reg4 ; lpm_rom1:inst48|altsyncram:altsyncram_component|altsyncram_sm31:auto_generated|q_a[0]                           ; OSC        ; OSC      ; None                        ; None                      ; 4.319 ns                ;
; N/A                                     ; 197.01 MHz ( period = 5.076 ns )                    ; lpm_rom2:inst51|altsyncram:altsyncram_component|altsyncram_tq21:auto_generated|ram_block1a0~porta_address_reg5 ; lpm_rom1:inst48|altsyncram:altsyncram_component|altsyncram_sm31:auto_generated|q_a[0]                           ; OSC        ; OSC      ; None                        ; None                      ; 4.319 ns                ;
; Timing analysis restricted to 200 rows. ; To change the limit use Settings (Assignments menu) ;                                                                                                                ;                                                                                                                 ;            ;          ;                             ;                           ;                         ;
+-----------------------------------------+-----------------------------------------------------+----------------------------------------------------------------------------------------------------------------+-----------------------------------------------------------------------------------------------------------------+------------+----------+-----------------------------+---------------------------+-------------------------+


+-----------------------------------------------------------------------------------------------------------------------------------------------------------------------------------------------------------------+
; Clock Hold: 'OSC'                                                                                                                                                                                               ;
+------------------------------------------+--------------------------+------------------------------+------------+----------+----------------------------+----------------------------+--------------------------+
; Minimum Slack                            ; From                     ; To                           ; From Clock ; To Clock ; Required Hold Relationship ; Required Shortest P2P Time ; Actual Shortest P2P Time ;
+------------------------------------------+--------------------------+------------------------------+------------+----------+----------------------------+----------------------------+--------------------------+
; Not operational: Clock Skew > Data Delay ; Key:inst50|7474:inst|9   ; 74163:inst151|f74163:sub|134 ; OSC        ; OSC      ; None                       ; None                       ; 3.361 ns                 ;
; Not operational: Clock Skew > Data Delay ; Key:inst50|7474:inst|9   ; 74163:inst151|f74163:sub|34  ; OSC        ; OSC      ; None                       ; None                       ; 3.627 ns                 ;
; Not operational: Clock Skew > Data Delay ; Key:inst50|7474:inst|9   ; 74163:inst151|f74163:sub|122 ; OSC        ; OSC      ; None                       ; None                       ; 3.907 ns                 ;
; Not operational: Clock Skew > Data Delay ; Key:inst50|7474:inst|9   ; 74163:inst151|f74163:sub|111 ; OSC        ; OSC      ; None                       ; None                       ; 3.910 ns                 ;
; Not operational: Clock Skew > Data Delay ; Key:inst50|7474:inst|10  ; 74163:inst151|f74163:sub|134 ; OSC        ; OSC      ; None                       ; None                       ; 4.390 ns                 ;
; Not operational: Clock Skew > Data Delay ; Key:inst50|7474:inst|10  ; 74163:inst151|f74163:sub|34  ; OSC        ; OSC      ; None                       ; None                       ; 4.656 ns                 ;
; Not operational: Clock Skew > Data Delay ; Key:inst50|7474:inst|10  ; 74163:inst151|f74163:sub|122 ; OSC        ; OSC      ; None                       ; None                       ; 4.936 ns                 ;
; Not operational: Clock Skew > Data Delay ; Key:inst50|7474:inst|10  ; 74163:inst151|f74163:sub|111 ; OSC        ; OSC      ; None                       ; None                       ; 4.939 ns                 ;
; Not operational: Clock Skew > Data Delay ; Key:inst161|7474:inst|10 ; 74175:inst37|14              ; OSC        ; OSC      ; None                       ; None                       ; 1.301 ns                 ;
; Not operational: Clock Skew > Data Delay ; Key:inst160|7474:inst|10 ; 74175:inst37|15              ; OSC        ; OSC      ; None                       ; None                       ; 1.304 ns                 ;
; Not operational: Clock Skew > Data Delay ; Key:inst159|7474:inst|10 ; 74163:inst1|f74163:sub|122   ; OSC        ; OSC      ; None                       ; None                       ; 3.548 ns                 ;
; Not operational: Clock Skew > Data Delay ; Key:inst159|7474:inst|10 ; 74163:inst1|f74163:sub|111   ; OSC        ; OSC      ; None                       ; None                       ; 4.049 ns                 ;
; Not operational: Clock Skew > Data Delay ; Key:inst159|7474:inst|10 ; 74163:inst1|f74163:sub|34    ; OSC        ; OSC      ; None                       ; None                       ; 4.728 ns                 ;
; Not operational: Clock Skew > Data Delay ; Key:inst161|7474:inst|9  ; 74175:inst37|14              ; OSC        ; OSC      ; None                       ; None                       ; 3.938 ns                 ;
; Not operational: Clock Skew > Data Delay ; Key:inst160|7474:inst|9  ; 74175:inst37|15              ; OSC        ; OSC      ; None                       ; None                       ; 4.019 ns                 ;
; Not operational: Clock Skew > Data Delay ; 74175:inst37|14          ; 74175:inst18|13              ; OSC        ; OSC      ; None                       ; None                       ; 1.616 ns                 ;
; Not operational: Clock Skew > Data Delay ; 74175:inst37|14          ; 74175:inst18|14              ; OSC        ; OSC      ; None                       ; None                       ; 1.617 ns                 ;
; Not operational: Clock Skew > Data Delay ; 74175:inst37|15          ; 74175:inst18|14              ; OSC        ; OSC      ; None                       ; None                       ; 1.781 ns                 ;
; Not operational: Clock Skew > Data Delay ; Key:inst159|7474:inst|10 ; Key:inst169|7474:inst|9      ; OSC        ; OSC      ; None                       ; None                       ; 3.448 ns                 ;
; Not operational: Clock Skew > Data Delay ; Key:inst160|7474:inst|10 ; 74163:inst1|f74163:sub|122   ; OSC        ; OSC      ; None                       ; None                       ; 9.179 ns                 ;
; Not operational: Clock Skew > Data Delay ; Key:inst161|7474:inst|10 ; 74163:inst1|f74163:sub|122   ; OSC        ; OSC      ; None                       ; None                       ; 9.244 ns                 ;
; Not operational: Clock Skew > Data Delay ; Key:inst160|7474:inst|10 ; 74163:inst1|f74163:sub|111   ; OSC        ; OSC      ; None                       ; None                       ; 9.680 ns                 ;
; Not operational: Clock Skew > Data Delay ; Key:inst161|7474:inst|10 ; 74163:inst1|f74163:sub|111   ; OSC        ; OSC      ; None                       ; None                       ; 9.745 ns                 ;
; Not operational: Clock Skew > Data Delay ; Key:inst159|7474:inst|9  ; 74163:inst1|f74163:sub|122   ; OSC        ; OSC      ; None                       ; None                       ; 10.166 ns                ;
; Not operational: Clock Skew > Data Delay ; Key:inst160|7474:inst|10 ; 74163:inst1|f74163:sub|34    ; OSC        ; OSC      ; None                       ; None                       ; 10.359 ns                ;
; Not operational: Clock Skew > Data Delay ; Key:inst161|7474:inst|10 ; 74163:inst1|f74163:sub|34    ; OSC        ; OSC      ; None                       ; None                       ; 10.424 ns                ;
; Not operational: Clock Skew > Data Delay ; Key:inst159|7474:inst|9  ; 74163:inst1|f74163:sub|111   ; OSC        ; OSC      ; None                       ; None                       ; 10.667 ns                ;
; Not operational: Clock Skew > Data Delay ; Key:inst159|7474:inst|9  ; 74163:inst1|f74163:sub|34    ; OSC        ; OSC      ; None                       ; None                       ; 11.346 ns                ;
; Not operational: Clock Skew > Data Delay ; Key:inst161|7474:inst|9  ; 74163:inst1|f74163:sub|122   ; OSC        ; OSC      ; None                       ; None                       ; 11.881 ns                ;
; Not operational: Clock Skew > Data Delay ; Key:inst160|7474:inst|9  ; 74163:inst1|f74163:sub|122   ; OSC        ; OSC      ; None                       ; None                       ; 11.894 ns                ;
; Not operational: Clock Skew > Data Delay ; Key:inst161|7474:inst|9  ; 74163:inst1|f74163:sub|111   ; OSC        ; OSC      ; None                       ; None                       ; 12.382 ns                ;
; Not operational: Clock Skew > Data Delay ; Key:inst160|7474:inst|9  ; 74163:inst1|f74163:sub|111   ; OSC        ; OSC      ; None                       ; None                       ; 12.395 ns                ;
; Not operational: Clock Skew > Data Delay ; Key:inst161|7474:inst|9  ; 74163:inst1|f74163:sub|34    ; OSC        ; OSC      ; None                       ; None                       ; 13.061 ns                ;
; Not operational: Clock Skew > Data Delay ; Key:inst160|7474:inst|9  ; 74163:inst1|f74163:sub|34    ; OSC        ; OSC      ; None                       ; None                       ; 13.074 ns                ;
; Not operational: Clock Skew > Data Delay ; Key:inst160|7474:inst|10 ; Key:inst169|7474:inst|9      ; OSC        ; OSC      ; None                       ; None                       ; 9.079 ns                 ;
; Not operational: Clock Skew > Data Delay ; Key:inst161|7474:inst|10 ; Key:inst169|7474:inst|9      ; OSC        ; OSC      ; None                       ; None                       ; 9.144 ns                 ;
; Not operational: Clock Skew > Data Delay ; Key:inst159|7474:inst|9  ; Key:inst169|7474:inst|9      ; OSC        ; OSC      ; None                       ; None                       ; 10.066 ns                ;
; Not operational: Clock Skew > Data Delay ; Key:inst161|7474:inst|9  ; Key:inst169|7474:inst|9      ; OSC        ; OSC      ; None                       ; None                       ; 11.781 ns                ;
; Not operational: Clock Skew > Data Delay ; Key:inst160|7474:inst|9  ; Key:inst169|7474:inst|9      ; OSC        ; OSC      ; None                       ; None                       ; 11.794 ns                ;
+------------------------------------------+--------------------------+------------------------------+------------+----------+----------------------------+----------------------------+--------------------------+


+-------------------------------------------------------------------------------+
; tsu                                                                           ;
+-------+--------------+------------+------+-------------------------+----------+
; Slack ; Required tsu ; Actual tsu ; From ; To                      ; To Clock ;
+-------+--------------+------------+------+-------------------------+----------+
; N/A   ; None         ; -0.587 ns  ; SW7  ; Key:inst137|7474:inst|9 ; OSC      ;
; N/A   ; None         ; -0.865 ns  ; SW8  ; Key:inst50|7474:inst|9  ; OSC      ;
; N/A   ; None         ; -8.202 ns  ; PK1_ ; Key:inst159|7474:inst|9 ; OSC      ;
; N/A   ; None         ; -8.461 ns  ; PK2_ ; Key:inst160|7474:inst|9 ; OSC      ;
; N/A   ; None         ; -8.569 ns  ; PK3_ ; Key:inst161|7474:inst|9 ; OSC      ;
; N/A   ; None         ; -19.783 ns ; SW4  ; Key:inst125|7474:inst|9 ; OSC      ;
; N/A   ; None         ; -19.937 ns ; SW2  ; Key:inst28|7474:inst|9  ; OSC      ;
; N/A   ; None         ; -20.095 ns ; SW3  ; Key:inst77|7474:inst|9  ; OSC      ;
; N/A   ; None         ; -20.258 ns ; SW1  ; Key:inst54|7474:inst|9  ; OSC      ;
; N/A   ; None         ; -20.819 ns ; SW5  ; Key:inst77|7474:inst|9  ; OSC      ;
; N/A   ; None         ; -20.840 ns ; SW5  ; Key:inst139|7474:inst|9 ; OSC      ;
+-------+--------------+------------+------+-------------------------+----------+


+---------------------------------------------------------------------------------------------------------------------------------------------------------------+
; tco                                                                                                                                                           ;
+-----------------------------------------+-----------------------------------------------------+------------+------------------------------+------+------------+
; Slack                                   ; Required tco                                        ; Actual tco ; From                         ; To   ; From Clock ;
+-----------------------------------------+-----------------------------------------------------+------------+------------------------------+------+------------+
; N/A                                     ; None                                                ; 54.149 ns  ; 74161:inst73|f74161:sub|87   ; C3   ; OSC        ;
; N/A                                     ; None                                                ; 54.107 ns  ; 74163:inst151|f74163:sub|111 ; C3   ; OSC        ;
; N/A                                     ; None                                                ; 54.056 ns  ; 74163:inst151|f74163:sub|34  ; C3   ; OSC        ;
; N/A                                     ; None                                                ; 53.991 ns  ; 74161:inst122|f74161:sub|9   ; ROW2 ; OSC        ;
; N/A                                     ; None                                                ; 53.949 ns  ; 74161:inst49|f74161:sub|9    ; ROW2 ; OSC        ;
; N/A                                     ; None                                                ; 53.849 ns  ; 74161:inst73|f74161:sub|87   ; C1   ; OSC        ;
; N/A                                     ; None                                                ; 53.799 ns  ; 74163:inst151|f74163:sub|111 ; C5   ; OSC        ;
; N/A                                     ; None                                                ; 53.796 ns  ; 74161:inst122|f74161:sub|9   ; ROW1 ; OSC        ;
; N/A                                     ; None                                                ; 53.795 ns  ; 74163:inst151|f74163:sub|34  ; C5   ; OSC        ;
; N/A                                     ; None                                                ; 53.788 ns  ; 74161:inst73|f74161:sub|87   ; C5   ; OSC        ;
; N/A                                     ; None                                                ; 53.754 ns  ; 74161:inst49|f74161:sub|9    ; ROW1 ; OSC        ;
; N/A                                     ; None                                                ; 53.587 ns  ; 74161:inst73|f74161:sub|87   ; C8   ; OSC        ;
; N/A                                     ; None                                                ; 53.573 ns  ; 74161:inst73|f74161:sub|87   ; C2   ; OSC        ;
; N/A                                     ; None                                                ; 53.533 ns  ; 74161:inst73|f74161:sub|87   ; C4   ; OSC        ;
; N/A                                     ; None                                                ; 53.495 ns  ; 74163:inst151|f74163:sub|34  ; C2   ; OSC        ;
; N/A                                     ; None                                                ; 53.494 ns  ; 74161:inst122|f74161:sub|87  ; ROW2 ; OSC        ;
; N/A                                     ; None                                                ; 53.380 ns  ; 74161:inst73|f74161:sub|87   ; C7   ; OSC        ;
; N/A                                     ; None                                                ; 53.299 ns  ; 74161:inst122|f74161:sub|87  ; ROW1 ; OSC        ;
; N/A                                     ; None                                                ; 53.161 ns  ; 74163:inst151|f74163:sub|34  ; C8   ; OSC        ;
; N/A                                     ; None                                                ; 53.159 ns  ; 74163:inst151|f74163:sub|34  ; C4   ; OSC        ;
; N/A                                     ; None                                                ; 53.147 ns  ; 74163:inst151|f74163:sub|34  ; C6   ; OSC        ;
; N/A                                     ; None                                                ; 53.144 ns  ; 74163:inst151|f74163:sub|34  ; C7   ; OSC        ;
; N/A                                     ; None                                                ; 53.067 ns  ; 74161:inst73|f74161:sub|87   ; CG8  ; OSC        ;
; N/A                                     ; None                                                ; 53.025 ns  ; 74163:inst151|f74163:sub|111 ; C2   ; OSC        ;
; N/A                                     ; None                                                ; 52.977 ns  ; 74161:inst73|f74161:sub|87   ; C6   ; OSC        ;
; N/A                                     ; None                                                ; 52.921 ns  ; 74161:inst73|f74161:sub|87   ; CG4  ; OSC        ;
; N/A                                     ; None                                                ; 52.839 ns  ; 74161:inst73|f74161:sub|87   ; CG2  ; OSC        ;
; N/A                                     ; None                                                ; 52.839 ns  ; 74161:inst73|f74161:sub|9    ; C2   ; OSC        ;
; N/A                                     ; None                                                ; 52.805 ns  ; 74163:inst151|f74163:sub|111 ; C8   ; OSC        ;
; N/A                                     ; None                                                ; 52.802 ns  ; 74161:inst73|f74161:sub|9    ; C3   ; OSC        ;
; N/A                                     ; None                                                ; 52.779 ns  ; 74163:inst151|f74163:sub|111 ; C6   ; OSC        ;
; N/A                                     ; None                                                ; 52.687 ns  ; 74163:inst151|f74163:sub|111 ; C4   ; OSC        ;
; N/A                                     ; None                                                ; 52.672 ns  ; 74163:inst151|f74163:sub|111 ; C7   ; OSC        ;
; N/A                                     ; None                                                ; 52.653 ns  ; 74161:inst49|f74161:sub|87   ; ROW2 ; OSC        ;
; N/A                                     ; None                                                ; 52.530 ns  ; 74161:inst49|f74161:sub|99   ; ROW2 ; OSC        ;
; N/A                                     ; None                                                ; 52.502 ns  ; 74161:inst73|f74161:sub|9    ; C1   ; OSC        ;
; N/A                                     ; None                                                ; 52.458 ns  ; 74161:inst49|f74161:sub|87   ; ROW1 ; OSC        ;
; N/A                                     ; None                                                ; 52.441 ns  ; 74161:inst73|f74161:sub|9    ; C5   ; OSC        ;
; N/A                                     ; None                                                ; 52.413 ns  ; 74161:inst73|f74161:sub|87   ; CG6  ; OSC        ;
; N/A                                     ; None                                                ; 52.395 ns  ; 74161:inst73|f74161:sub|87   ; CG3  ; OSC        ;
; N/A                                     ; None                                                ; 52.335 ns  ; 74161:inst49|f74161:sub|99   ; ROW1 ; OSC        ;
; N/A                                     ; None                                                ; 52.333 ns  ; 74161:inst73|f74161:sub|9    ; CG8  ; OSC        ;
; N/A                                     ; None                                                ; 52.243 ns  ; 74161:inst73|f74161:sub|9    ; C6   ; OSC        ;
; N/A                                     ; None                                                ; 52.240 ns  ; 74161:inst73|f74161:sub|9    ; C8   ; OSC        ;
; N/A                                     ; None                                                ; 52.187 ns  ; 74161:inst73|f74161:sub|9    ; CG4  ; OSC        ;
; N/A                                     ; None                                                ; 52.186 ns  ; 74161:inst73|f74161:sub|9    ; C4   ; OSC        ;
; N/A                                     ; None                                                ; 52.105 ns  ; 74161:inst73|f74161:sub|9    ; CG2  ; OSC        ;
; N/A                                     ; None                                                ; 52.092 ns  ; 74161:inst73|f74161:sub|87   ; CG7  ; OSC        ;
; N/A                                     ; None                                                ; 52.052 ns  ; 74161:inst73|f74161:sub|87   ; CG1  ; OSC        ;
; N/A                                     ; None                                                ; 52.033 ns  ; 74161:inst73|f74161:sub|9    ; C7   ; OSC        ;
; N/A                                     ; None                                                ; 51.977 ns  ; 74163:inst151|f74163:sub|111 ; C1   ; OSC        ;
; N/A                                     ; None                                                ; 51.973 ns  ; 74163:inst151|f74163:sub|34  ; C1   ; OSC        ;
; N/A                                     ; None                                                ; 51.951 ns  ; 74161:inst122|f74161:sub|9   ; ROW3 ; OSC        ;
; N/A                                     ; None                                                ; 51.909 ns  ; 74161:inst49|f74161:sub|9    ; ROW3 ; OSC        ;
; N/A                                     ; None                                                ; 51.849 ns  ; 74161:inst73|f74161:sub|99   ; C2   ; OSC        ;
; N/A                                     ; None                                                ; 51.679 ns  ; 74161:inst73|f74161:sub|9    ; CG6  ; OSC        ;
; N/A                                     ; None                                                ; 51.663 ns  ; 74161:inst122|f74161:sub|9   ; ROW4 ; OSC        ;
; N/A                                     ; None                                                ; 51.661 ns  ; 74161:inst73|f74161:sub|9    ; CG3  ; OSC        ;
; N/A                                     ; None                                                ; 51.657 ns  ; 74161:inst122|f74161:sub|9   ; ROW7 ; OSC        ;
; N/A                                     ; None                                                ; 51.657 ns  ; 74161:inst122|f74161:sub|9   ; ROW5 ; OSC        ;
; N/A                                     ; None                                                ; 51.649 ns  ; 74161:inst122|f74161:sub|9   ; ROW6 ; OSC        ;
; N/A                                     ; None                                                ; 51.621 ns  ; 74161:inst49|f74161:sub|9    ; ROW4 ; OSC        ;
; N/A                                     ; None                                                ; 51.615 ns  ; 74161:inst49|f74161:sub|9    ; ROW7 ; OSC        ;
; N/A                                     ; None                                                ; 51.615 ns  ; 74161:inst49|f74161:sub|9    ; ROW5 ; OSC        ;
; N/A                                     ; None                                                ; 51.607 ns  ; 74161:inst49|f74161:sub|9    ; ROW6 ; OSC        ;
; N/A                                     ; None                                                ; 51.519 ns  ; 74161:inst73|f74161:sub|87   ; CG5  ; OSC        ;
; N/A                                     ; None                                                ; 51.507 ns  ; 74161:inst73|f74161:sub|99   ; C3   ; OSC        ;
; N/A                                     ; None                                                ; 51.454 ns  ; 74161:inst122|f74161:sub|87  ; ROW3 ; OSC        ;
; N/A                                     ; None                                                ; 51.448 ns  ; 74163:inst151|f74163:sub|134 ; C3   ; OSC        ;
; N/A                                     ; None                                                ; 51.358 ns  ; 74161:inst73|f74161:sub|9    ; CG7  ; OSC        ;
; N/A                                     ; None                                                ; 51.343 ns  ; 74161:inst73|f74161:sub|99   ; CG8  ; OSC        ;
; N/A                                     ; None                                                ; 51.327 ns  ; 74161:inst122|f74161:sub|9   ; ROW8 ; OSC        ;
; N/A                                     ; None                                                ; 51.285 ns  ; 74161:inst49|f74161:sub|9    ; ROW8 ; OSC        ;
; N/A                                     ; None                                                ; 51.253 ns  ; 74161:inst73|f74161:sub|99   ; C6   ; OSC        ;
; N/A                                     ; None                                                ; 51.240 ns  ; 74161:inst73|f74161:sub|99   ; C8   ; OSC        ;
; N/A                                     ; None                                                ; 51.197 ns  ; 74161:inst73|f74161:sub|99   ; CG4  ; OSC        ;
; N/A                                     ; None                                                ; 51.182 ns  ; 74161:inst73|f74161:sub|99   ; C4   ; OSC        ;
; N/A                                     ; None                                                ; 51.166 ns  ; 74161:inst122|f74161:sub|87  ; ROW4 ; OSC        ;
; N/A                                     ; None                                                ; 51.160 ns  ; 74161:inst122|f74161:sub|87  ; ROW7 ; OSC        ;
; N/A                                     ; None                                                ; 51.160 ns  ; 74161:inst122|f74161:sub|87  ; ROW5 ; OSC        ;
; N/A                                     ; None                                                ; 51.152 ns  ; 74161:inst122|f74161:sub|87  ; ROW6 ; OSC        ;
; N/A                                     ; None                                                ; 51.115 ns  ; 74161:inst73|f74161:sub|99   ; CG2  ; OSC        ;
; N/A                                     ; None                                                ; 51.106 ns  ; 74161:inst122|f74161:sub|99  ; ROW2 ; OSC        ;
; N/A                                     ; None                                                ; 50.911 ns  ; 74161:inst122|f74161:sub|99  ; ROW1 ; OSC        ;
; N/A                                     ; None                                                ; 50.833 ns  ; 74161:inst73|f74161:sub|99   ; C1   ; OSC        ;
; N/A                                     ; None                                                ; 50.830 ns  ; 74161:inst122|f74161:sub|87  ; ROW8 ; OSC        ;
; N/A                                     ; None                                                ; 50.813 ns  ; 74163:inst151|f74163:sub|122 ; C5   ; OSC        ;
; N/A                                     ; None                                                ; 50.775 ns  ; 74163:inst151|f74163:sub|134 ; C5   ; OSC        ;
; N/A                                     ; None                                                ; 50.767 ns  ; 74161:inst73|f74161:sub|99   ; C5   ; OSC        ;
; N/A                                     ; None                                                ; 50.737 ns  ; 74161:inst73|f74161:sub|99   ; C7   ; OSC        ;
; N/A                                     ; None                                                ; 50.729 ns  ; 74161:inst73|f74161:sub|9    ; CG1  ; OSC        ;
; N/A                                     ; None                                                ; 50.694 ns  ; 74163:inst151|f74163:sub|122 ; C3   ; OSC        ;
; N/A                                     ; None                                                ; 50.689 ns  ; 74161:inst73|f74161:sub|99   ; CG6  ; OSC        ;
; N/A                                     ; None                                                ; 50.671 ns  ; 74161:inst73|f74161:sub|99   ; CG3  ; OSC        ;
; N/A                                     ; None                                                ; 50.661 ns  ; 74163:inst151|f74163:sub|134 ; C4   ; OSC        ;
; N/A                                     ; None                                                ; 50.643 ns  ; 74163:inst151|f74163:sub|134 ; C8   ; OSC        ;
; N/A                                     ; None                                                ; 50.613 ns  ; 74161:inst49|f74161:sub|87   ; ROW3 ; OSC        ;
; N/A                                     ; None                                                ; 50.518 ns  ; 74163:inst151|f74163:sub|122 ; C8   ; OSC        ;
; N/A                                     ; None                                                ; 50.513 ns  ; 74163:inst151|f74163:sub|122 ; C2   ; OSC        ;
; N/A                                     ; None                                                ; 50.490 ns  ; 74161:inst49|f74161:sub|99   ; ROW3 ; OSC        ;
; N/A                                     ; None                                                ; 50.368 ns  ; 74161:inst73|f74161:sub|99   ; CG7  ; OSC        ;
; N/A                                     ; None                                                ; 50.325 ns  ; 74161:inst49|f74161:sub|87   ; ROW4 ; OSC        ;
; N/A                                     ; None                                                ; 50.319 ns  ; 74161:inst49|f74161:sub|87   ; ROW7 ; OSC        ;
; N/A                                     ; None                                                ; 50.319 ns  ; 74161:inst49|f74161:sub|87   ; ROW5 ; OSC        ;
; N/A                                     ; None                                                ; 50.311 ns  ; 74161:inst49|f74161:sub|87   ; ROW6 ; OSC        ;
; N/A                                     ; None                                                ; 50.279 ns  ; 74163:inst151|f74163:sub|122 ; C7   ; OSC        ;
; N/A                                     ; None                                                ; 50.236 ns  ; 74163:inst151|f74163:sub|134 ; C2   ; OSC        ;
; N/A                                     ; None                                                ; 50.202 ns  ; 74161:inst49|f74161:sub|99   ; ROW4 ; OSC        ;
; N/A                                     ; None                                                ; 50.196 ns  ; 74161:inst49|f74161:sub|99   ; ROW7 ; OSC        ;
; N/A                                     ; None                                                ; 50.196 ns  ; 74161:inst49|f74161:sub|99   ; ROW5 ; OSC        ;
; N/A                                     ; None                                                ; 50.190 ns  ; 74161:inst73|f74161:sub|9    ; CG5  ; OSC        ;
; N/A                                     ; None                                                ; 50.188 ns  ; 74161:inst49|f74161:sub|99   ; ROW6 ; OSC        ;
; N/A                                     ; None                                                ; 50.145 ns  ; 74163:inst151|f74163:sub|122 ; C6   ; OSC        ;
; N/A                                     ; None                                                ; 49.997 ns  ; 74163:inst151|f74163:sub|134 ; C7   ; OSC        ;
; N/A                                     ; None                                                ; 49.989 ns  ; 74161:inst49|f74161:sub|87   ; ROW8 ; OSC        ;
; N/A                                     ; None                                                ; 49.905 ns  ; 74163:inst151|f74163:sub|122 ; C4   ; OSC        ;
; N/A                                     ; None                                                ; 49.868 ns  ; 74163:inst151|f74163:sub|134 ; C6   ; OSC        ;
; N/A                                     ; None                                                ; 49.866 ns  ; 74161:inst49|f74161:sub|99   ; ROW8 ; OSC        ;
; N/A                                     ; None                                                ; 49.741 ns  ; 74163:inst151|f74163:sub|134 ; C1   ; OSC        ;
; N/A                                     ; None                                                ; 49.739 ns  ; 74161:inst73|f74161:sub|99   ; CG1  ; OSC        ;
; N/A                                     ; None                                                ; 49.476 ns  ; 74163:inst151|f74163:sub|122 ; C1   ; OSC        ;
; N/A                                     ; None                                                ; 49.200 ns  ; 74161:inst73|f74161:sub|99   ; CG5  ; OSC        ;
; N/A                                     ; None                                                ; 49.066 ns  ; 74161:inst122|f74161:sub|99  ; ROW3 ; OSC        ;
; N/A                                     ; None                                                ; 48.994 ns  ; Key:inst54|7474:inst|10      ; C3   ; OSC        ;
; N/A                                     ; None                                                ; 48.778 ns  ; 74161:inst122|f74161:sub|99  ; ROW4 ; OSC        ;
; N/A                                     ; None                                                ; 48.772 ns  ; 74161:inst122|f74161:sub|99  ; ROW7 ; OSC        ;
; N/A                                     ; None                                                ; 48.772 ns  ; 74161:inst122|f74161:sub|99  ; ROW5 ; OSC        ;
; N/A                                     ; None                                                ; 48.764 ns  ; 74161:inst122|f74161:sub|99  ; ROW6 ; OSC        ;
; N/A                                     ; None                                                ; 48.442 ns  ; 74161:inst122|f74161:sub|99  ; ROW8 ; OSC        ;
; N/A                                     ; None                                                ; 47.800 ns  ; Key:inst54|7474:inst|9       ; C3   ; OSC        ;
; N/A                                     ; None                                                ; 47.247 ns  ; Key:inst54|7474:inst|10      ; C7   ; OSC        ;
; N/A                                     ; None                                                ; 47.195 ns  ; Key:inst54|7474:inst|10      ; C2   ; OSC        ;
; N/A                                     ; None                                                ; 47.054 ns  ; Key:inst54|7474:inst|10      ; C1   ; OSC        ;
; N/A                                     ; None                                                ; 46.993 ns  ; Key:inst54|7474:inst|10      ; C5   ; OSC        ;
; N/A                                     ; None                                                ; 46.855 ns  ; Key:inst54|7474:inst|10      ; C8   ; OSC        ;
; N/A                                     ; None                                                ; 46.827 ns  ; Key:inst54|7474:inst|10      ; C6   ; OSC        ;
; N/A                                     ; None                                                ; 46.053 ns  ; Key:inst54|7474:inst|9       ; C7   ; OSC        ;
; N/A                                     ; None                                                ; 46.031 ns  ; Key:inst54|7474:inst|10      ; C4   ; OSC        ;
; N/A                                     ; None                                                ; 46.001 ns  ; Key:inst54|7474:inst|9       ; C2   ; OSC        ;
; N/A                                     ; None                                                ; 45.860 ns  ; Key:inst54|7474:inst|9       ; C1   ; OSC        ;
; N/A                                     ; None                                                ; 45.799 ns  ; Key:inst54|7474:inst|9       ; C5   ; OSC        ;
; N/A                                     ; None                                                ; 45.661 ns  ; Key:inst54|7474:inst|9       ; C8   ; OSC        ;
; N/A                                     ; None                                                ; 45.633 ns  ; Key:inst54|7474:inst|9       ; C6   ; OSC        ;
; N/A                                     ; None                                                ; 45.096 ns  ; Key:inst54|7474:inst|10      ; CG1  ; OSC        ;
; N/A                                     ; None                                                ; 44.837 ns  ; Key:inst54|7474:inst|9       ; C4   ; OSC        ;
; N/A                                     ; None                                                ; 44.754 ns  ; Key:inst54|7474:inst|10      ; CG8  ; OSC        ;
; N/A                                     ; None                                                ; 44.609 ns  ; Key:inst54|7474:inst|10      ; CG4  ; OSC        ;
; N/A                                     ; None                                                ; 44.562 ns  ; Key:inst54|7474:inst|10      ; CG5  ; OSC        ;
; N/A                                     ; None                                                ; 43.937 ns  ; Key:inst54|7474:inst|10      ; CG3  ; OSC        ;
; N/A                                     ; None                                                ; 43.902 ns  ; Key:inst54|7474:inst|9       ; CG1  ; OSC        ;
; N/A                                     ; None                                                ; 43.628 ns  ; Key:inst54|7474:inst|10      ; CG7  ; OSC        ;
; N/A                                     ; None                                                ; 43.560 ns  ; Key:inst54|7474:inst|9       ; CG8  ; OSC        ;
; N/A                                     ; None                                                ; 43.505 ns  ; Key:inst54|7474:inst|10      ; CG2  ; OSC        ;
; N/A                                     ; None                                                ; 43.415 ns  ; Key:inst54|7474:inst|9       ; CG4  ; OSC        ;
; N/A                                     ; None                                                ; 43.368 ns  ; Key:inst54|7474:inst|9       ; CG5  ; OSC        ;
; N/A                                     ; None                                                ; 43.081 ns  ; Key:inst54|7474:inst|10      ; CG6  ; OSC        ;
; N/A                                     ; None                                                ; 42.743 ns  ; Key:inst54|7474:inst|9       ; CG3  ; OSC        ;
; N/A                                     ; None                                                ; 42.434 ns  ; Key:inst54|7474:inst|9       ; CG7  ; OSC        ;
; N/A                                     ; None                                                ; 42.311 ns  ; Key:inst54|7474:inst|9       ; CG2  ; OSC        ;
; N/A                                     ; None                                                ; 41.887 ns  ; Key:inst54|7474:inst|9       ; CG6  ; OSC        ;
; N/A                                     ; None                                                ; 41.420 ns  ; 74161:inst38|f74161:sub|9    ; ROW2 ; OSC        ;
; N/A                                     ; None                                                ; 41.225 ns  ; 74161:inst38|f74161:sub|9    ; ROW1 ; OSC        ;
; N/A                                     ; None                                                ; 41.009 ns  ; Key:inst139|7474:inst|9      ; C3   ; OSC        ;
; N/A                                     ; None                                                ; 40.744 ns  ; Key:inst125|7474:inst|10     ; ROW2 ; OSC        ;
; N/A                                     ; None                                                ; 40.709 ns  ; Key:inst139|7474:inst|9      ; C1   ; OSC        ;
; N/A                                     ; None                                                ; 40.648 ns  ; Key:inst139|7474:inst|9      ; C5   ; OSC        ;
; N/A                                     ; None                                                ; 40.644 ns  ; 74161:inst38|f74161:sub|87   ; ROW2 ; OSC        ;
; N/A                                     ; None                                                ; 40.549 ns  ; Key:inst125|7474:inst|10     ; ROW1 ; OSC        ;
; N/A                                     ; None                                                ; 40.449 ns  ; 74161:inst38|f74161:sub|87   ; ROW1 ; OSC        ;
; N/A                                     ; None                                                ; 40.447 ns  ; Key:inst139|7474:inst|9      ; C8   ; OSC        ;
; N/A                                     ; None                                                ; 40.431 ns  ; Key:inst139|7474:inst|9      ; C2   ; OSC        ;
; N/A                                     ; None                                                ; 40.393 ns  ; Key:inst139|7474:inst|9      ; C4   ; OSC        ;
; N/A                                     ; None                                                ; 40.306 ns  ; Key:inst28|7474:inst|9       ; ROW2 ; OSC        ;
; N/A                                     ; None                                                ; 40.260 ns  ; Key:inst139|7474:inst|10     ; C3   ; OSC        ;
; N/A                                     ; None                                                ; 40.240 ns  ; Key:inst139|7474:inst|9      ; C7   ; OSC        ;
; N/A                                     ; None                                                ; 40.111 ns  ; Key:inst28|7474:inst|9       ; ROW1 ; OSC        ;
; N/A                                     ; None                                                ; 39.960 ns  ; Key:inst139|7474:inst|10     ; C1   ; OSC        ;
; N/A                                     ; None                                                ; 39.899 ns  ; Key:inst139|7474:inst|10     ; C5   ; OSC        ;
; N/A                                     ; None                                                ; 39.828 ns  ; Key:inst139|7474:inst|9      ; C6   ; OSC        ;
; N/A                                     ; None                                                ; 39.817 ns  ; Key:inst28|7474:inst|10      ; ROW2 ; OSC        ;
; N/A                                     ; None                                                ; 39.807 ns  ; 74161:inst38|f74161:sub|99   ; ROW2 ; OSC        ;
; N/A                                     ; None                                                ; 39.698 ns  ; Key:inst139|7474:inst|10     ; C8   ; OSC        ;
; N/A                                     ; None                                                ; 39.682 ns  ; Key:inst139|7474:inst|10     ; C2   ; OSC        ;
; N/A                                     ; None                                                ; 39.644 ns  ; Key:inst139|7474:inst|10     ; C4   ; OSC        ;
; N/A                                     ; None                                                ; 39.641 ns  ; 74163:inst1|f74163:sub|34    ; DE1  ; OSC        ;
; N/A                                     ; None                                                ; 39.622 ns  ; Key:inst28|7474:inst|10      ; ROW1 ; OSC        ;
; N/A                                     ; None                                                ; 39.618 ns  ; 74163:inst1|f74163:sub|111   ; DE2  ; OSC        ;
; N/A                                     ; None                                                ; 39.612 ns  ; 74161:inst38|f74161:sub|99   ; ROW1 ; OSC        ;
; N/A                                     ; None                                                ; 39.543 ns  ; Key:inst125|7474:inst|9      ; ROW2 ; OSC        ;
; N/A                                     ; None                                                ; 39.491 ns  ; Key:inst139|7474:inst|10     ; C7   ; OSC        ;
; N/A                                     ; None                                                ; 39.380 ns  ; 74161:inst38|f74161:sub|9    ; ROW3 ; OSC        ;
; N/A                                     ; None                                                ; 39.348 ns  ; Key:inst125|7474:inst|9      ; ROW1 ; OSC        ;
; N/A                                     ; None                                                ; 39.268 ns  ; Key:inst139|7474:inst|9      ; CG8  ; OSC        ;
; N/A                                     ; None                                                ; 39.123 ns  ; Key:inst139|7474:inst|9      ; CG4  ; OSC        ;
; N/A                                     ; None                                                ; 39.092 ns  ; 74161:inst38|f74161:sub|9    ; ROW4 ; OSC        ;
; N/A                                     ; None                                                ; 39.086 ns  ; 74161:inst38|f74161:sub|9    ; ROW7 ; OSC        ;
; N/A                                     ; None                                                ; 39.086 ns  ; 74161:inst38|f74161:sub|9    ; ROW5 ; OSC        ;
; N/A                                     ; None                                                ; 39.079 ns  ; Key:inst139|7474:inst|10     ; C6   ; OSC        ;
; N/A                                     ; None                                                ; 39.078 ns  ; 74161:inst38|f74161:sub|9    ; ROW6 ; OSC        ;
; N/A                                     ; None                                                ; 38.912 ns  ; Key:inst139|7474:inst|9      ; CG1  ; OSC        ;
; Timing analysis restricted to 200 rows. ; To change the limit use Settings (Assignments menu) ;            ;                              ;      ;            ;
+-----------------------------------------+-----------------------------------------------------+------------+------------------------------+------+------------+


+-------------------------------------------------------------------------------------+
; th                                                                                  ;
+---------------+-------------+-----------+------+-------------------------+----------+
; Minimum Slack ; Required th ; Actual th ; From ; To                      ; To Clock ;
+---------------+-------------+-----------+------+-------------------------+----------+
; N/A           ; None        ; 20.892 ns ; SW5  ; Key:inst139|7474:inst|9 ; OSC      ;
; N/A           ; None        ; 20.871 ns ; SW5  ; Key:inst77|7474:inst|9  ; OSC      ;
; N/A           ; None        ; 20.310 ns ; SW1  ; Key:inst54|7474:inst|9  ; OSC      ;
; N/A           ; None        ; 20.147 ns ; SW3  ; Key:inst77|7474:inst|9  ; OSC      ;
; N/A           ; None        ; 19.989 ns ; SW2  ; Key:inst28|7474:inst|9  ; OSC      ;
; N/A           ; None        ; 19.835 ns ; SW4  ; Key:inst125|7474:inst|9 ; OSC      ;
; N/A           ; None        ; 8.621 ns  ; PK3_ ; Key:inst161|7474:inst|9 ; OSC      ;
; N/A           ; None        ; 8.513 ns  ; PK2_ ; Key:inst160|7474:inst|9 ; OSC      ;
; N/A           ; None        ; 8.254 ns  ; PK1_ ; Key:inst159|7474:inst|9 ; OSC      ;
; N/A           ; None        ; 0.917 ns  ; SW8  ; Key:inst50|7474:inst|9  ; OSC      ;
; N/A           ; None        ; 0.639 ns  ; SW7  ; Key:inst137|7474:inst|9 ; OSC      ;
+---------------+-------------+-----------+------+-------------------------+----------+


+--------------------------+
; Timing Analyzer Messages ;
+--------------------------+
Info: *******************************************************************
Info: Running Quartus II Classic Timing Analyzer
    Info: Version 9.0 Build 235 06/17/2009 Service Pack 2 SJ Web Edition
    Info: Processing started: Fri Nov 14 12:35:32 2025
Info: Command: quartus_tan --read_settings_files=off --write_settings_files=off KeyScanning -c KeyScanning --timing_analysis_only
Info: Parallel compilation is enabled and will use 4 of the 10 processors detected
Warning: Found pins functioning as undefined clocks and/or memory enables
    Info: Assuming node "OSC" is an undefined clock
Warning: Found 27 node(s) in clock paths which may be acting as ripple and/or gated clocks -- node(s) analyzed as buffer(s) resulting in clock skew
    Info: Detected ripple clock "FrequencyDivider:inst|7490:inst6|19" as buffer
    Info: Detected ripple clock "FrequencyDivider:inst|7490:inst6|7" as buffer
    Info: Detected ripple clock "FrequencyDivider:inst|7490:inst7|19" as buffer
    Info: Detected ripple clock "FrequencyDivider:inst|7490:inst3|19" as buffer
    Info: Detected ripple clock "FrequencyDivider:inst|7490:inst7|7" as buffer
    Info: Detected ripple clock "FrequencyDivider:inst|7490:inst3|7" as buffer
    Info: Detected ripple clock "Key:inst160|7474:inst|10" as buffer
    Info: Detected ripple clock "Key:inst160|7474:inst|9" as buffer
    Info: Detected ripple clock "Key:inst161|7474:inst|10" as buffer
    Info: Detected ripple clock "Key:inst161|7474:inst|9" as buffer
    Info: Detected ripple clock "Key:inst169|7474:inst|10" as buffer
    Info: Detected ripple clock "Key:inst169|7474:inst|9" as buffer
    Info: Detected gated clock "Key:inst169|inst1" as buffer
    Info: Detected ripple clock "FrequencyDivider:inst|7490:inst2|19" as buffer
    Info: Detected ripple clock "FrequencyDivider:inst|7490:inst2|7" as buffer
    Info: Detected ripple clock "Key:inst159|7474:inst|10" as buffer
    Info: Detected ripple clock "Key:inst159|7474:inst|9" as buffer
    Info: Detected gated clock "Key:inst160|inst1" as buffer
    Info: Detected gated clock "Key:inst161|inst1" as buffer
    Info: Detected gated clock "inst164" as buffer
    Info: Detected ripple clock "FrequencyDivider:inst|7490:inst5|19" as buffer
    Info: Detected ripple clock "FrequencyDivider:inst|7490:inst8|19" as buffer
    Info: Detected ripple clock "FrequencyDivider:inst|7490:inst8|7" as buffer
    Info: Detected ripple clock "FrequencyDivider:inst|7490:inst|19" as buffer
    Info: Detected ripple clock "FrequencyDivider:inst|7490:inst|7" as buffer
    Info: Detected ripple clock "FrequencyDivider:inst|7490:inst4|19" as buffer
    Info: Detected ripple clock "FrequencyDivider:inst|7490:inst4|7" as buffer
Info: Clock "OSC" has Internal fmax of 23.66 MHz between source register "74161:inst155|f74161:sub|110" and destination memory "lpm_rom2:inst51|altsyncram:altsyncram_component|altsyncram_tq21:auto_generated|ram_block1a0~porta_address_reg6" (period= 42.257 ns)
    Info: + Longest register to memory delay is 3.098 ns
        Info: 1: + IC(0.000 ns) + CELL(0.000 ns) = 0.000 ns; Loc. = LC_X12_Y9_N8; Fanout = 2; REG Node = '74161:inst155|f74161:sub|110'
        Info: 2: + IC(0.576 ns) + CELL(0.292 ns) = 0.868 ns; Loc. = LC_X12_Y9_N0; Fanout = 2; COMB Node = 'busmux:inst162|lpm_mux:$00000|mux_6fc:auto_generated|result_node[3]~11'
        Info: 3: + IC(1.847 ns) + CELL(0.383 ns) = 3.098 ns; Loc. = M4K_X13_Y10; Fanout = 28; MEM Node = 'lpm_rom2:inst51|altsyncram:altsyncram_component|altsyncram_tq21:auto_generated|ram_block1a0~porta_address_reg6'
        Info: Total cell delay = 0.675 ns ( 21.79 % )
        Info: Total interconnect delay = 2.423 ns ( 78.21 % )
    Info: - Smallest clock skew is -38.842 ns
        Info: + Shortest clock path from clock "OSC" to destination memory is 2.793 ns
            Info: 1: + IC(0.000 ns) + CELL(1.469 ns) = 1.469 ns; Loc. = PIN_16; Fanout = 81; CLK Node = 'OSC'
            Info: 2: + IC(0.602 ns) + CELL(0.722 ns) = 2.793 ns; Loc. = M4K_X13_Y10; Fanout = 28; MEM Node = 'lpm_rom2:inst51|altsyncram:altsyncram_component|altsyncram_tq21:auto_generated|ram_block1a0~porta_address_reg6'
            Info: Total cell delay = 2.191 ns ( 78.45 % )
            Info: Total interconnect delay = 0.602 ns ( 21.55 % )
        Info: - Longest clock path from clock "OSC" to source register is 41.635 ns
            Info: 1: + IC(0.000 ns) + CELL(1.469 ns) = 1.469 ns; Loc. = PIN_16; Fanout = 81; CLK Node = 'OSC'
            Info: 2: + IC(0.560 ns) + CELL(0.935 ns) = 2.964 ns; Loc. = LC_X8_Y7_N2; Fanout = 2; REG Node = 'FrequencyDivider:inst|7490:inst|19'
            Info: 3: + IC(0.578 ns) + CELL(0.935 ns) = 4.477 ns; Loc. = LC_X8_Y7_N6; Fanout = 8; REG Node = 'FrequencyDivider:inst|7490:inst|7'
            Info: 4: + IC(3.980 ns) + CELL(0.935 ns) = 9.392 ns; Loc. = LC_X26_Y5_N7; Fanout = 2; REG Node = 'FrequencyDivider:inst|7490:inst2|19'
            Info: 5: + IC(0.574 ns) + CELL(0.935 ns) = 10.901 ns; Loc. = LC_X26_Y5_N2; Fanout = 10; REG Node = 'FrequencyDivider:inst|7490:inst2|7'
            Info: 6: + IC(4.160 ns) + CELL(0.935 ns) = 15.996 ns; Loc. = LC_X24_Y6_N7; Fanout = 2; REG Node = 'FrequencyDivider:inst|7490:inst3|19'
            Info: 7: + IC(0.574 ns) + CELL(0.935 ns) = 17.505 ns; Loc. = LC_X24_Y6_N2; Fanout = 4; REG Node = 'FrequencyDivider:inst|7490:inst3|7'
            Info: 8: + IC(3.956 ns) + CELL(0.935 ns) = 22.396 ns; Loc. = LC_X8_Y6_N7; Fanout = 2; REG Node = 'FrequencyDivider:inst|7490:inst4|19'
            Info: 9: + IC(0.579 ns) + CELL(0.935 ns) = 23.910 ns; Loc. = LC_X8_Y6_N0; Fanout = 22; REG Node = 'FrequencyDivider:inst|7490:inst4|7'
            Info: 10: + IC(3.464 ns) + CELL(0.935 ns) = 28.309 ns; Loc. = LC_X24_Y5_N5; Fanout = 2; REG Node = 'FrequencyDivider:inst|7490:inst6|19'
            Info: 11: + IC(0.777 ns) + CELL(0.935 ns) = 30.021 ns; Loc. = LC_X25_Y5_N6; Fanout = 4; REG Node = 'FrequencyDivider:inst|7490:inst6|7'
            Info: 12: + IC(0.571 ns) + CELL(0.935 ns) = 31.527 ns; Loc. = LC_X25_Y5_N2; Fanout = 2; REG Node = 'FrequencyDivider:inst|7490:inst7|19'
            Info: 13: + IC(1.303 ns) + CELL(0.935 ns) = 33.765 ns; Loc. = LC_X25_Y6_N6; Fanout = 4; REG Node = 'FrequencyDivider:inst|7490:inst7|7'
            Info: 14: + IC(0.571 ns) + CELL(0.935 ns) = 35.271 ns; Loc. = LC_X25_Y6_N2; Fanout = 2; REG Node = 'FrequencyDivider:inst|7490:inst8|19'
            Info: 15: + IC(0.783 ns) + CELL(0.935 ns) = 36.989 ns; Loc. = LC_X26_Y6_N3; Fanout = 21; REG Node = 'FrequencyDivider:inst|7490:inst8|7'
            Info: 16: + IC(3.935 ns) + CELL(0.711 ns) = 41.635 ns; Loc. = LC_X12_Y9_N8; Fanout = 2; REG Node = '74161:inst155|f74161:sub|110'
            Info: Total cell delay = 15.270 ns ( 36.68 % )
            Info: Total interconnect delay = 26.365 ns ( 63.32 % )
    Info: + Micro clock to output delay of source is 0.224 ns
    Info: + Micro setup delay of destination is 0.093 ns
Warning: Circuit may not operate. Detected 39 non-operational path(s) clocked by clock "OSC" with clock skew larger than data delay. See Compilation Report for details.
Info: Found hold time violation between source  pin or register "Key:inst50|7474:inst|9" and destination pin or register "74163:inst151|f74163:sub|134" for clock "OSC" (Hold time is 28.889 ns)
    Info: + Largest clock skew is 32.459 ns
        Info: + Longest clock path from clock "OSC" to destination register is 41.650 ns
            Info: 1: + IC(0.000 ns) + CELL(1.469 ns) = 1.469 ns; Loc. = PIN_16; Fanout = 81; CLK Node = 'OSC'
            Info: 2: + IC(0.560 ns) + CELL(0.935 ns) = 2.964 ns; Loc. = LC_X8_Y7_N2; Fanout = 2; REG Node = 'FrequencyDivider:inst|7490:inst|19'
            Info: 3: + IC(0.578 ns) + CELL(0.935 ns) = 4.477 ns; Loc. = LC_X8_Y7_N6; Fanout = 8; REG Node = 'FrequencyDivider:inst|7490:inst|7'
            Info: 4: + IC(3.980 ns) + CELL(0.935 ns) = 9.392 ns; Loc. = LC_X26_Y5_N7; Fanout = 2; REG Node = 'FrequencyDivider:inst|7490:inst2|19'
            Info: 5: + IC(0.574 ns) + CELL(0.935 ns) = 10.901 ns; Loc. = LC_X26_Y5_N2; Fanout = 10; REG Node = 'FrequencyDivider:inst|7490:inst2|7'
            Info: 6: + IC(4.160 ns) + CELL(0.935 ns) = 15.996 ns; Loc. = LC_X24_Y6_N7; Fanout = 2; REG Node = 'FrequencyDivider:inst|7490:inst3|19'
            Info: 7: + IC(0.574 ns) + CELL(0.935 ns) = 17.505 ns; Loc. = LC_X24_Y6_N2; Fanout = 4; REG Node = 'FrequencyDivider:inst|7490:inst3|7'
            Info: 8: + IC(3.956 ns) + CELL(0.935 ns) = 22.396 ns; Loc. = LC_X8_Y6_N7; Fanout = 2; REG Node = 'FrequencyDivider:inst|7490:inst4|19'
            Info: 9: + IC(0.579 ns) + CELL(0.935 ns) = 23.910 ns; Loc. = LC_X8_Y6_N0; Fanout = 22; REG Node = 'FrequencyDivider:inst|7490:inst4|7'
            Info: 10: + IC(3.464 ns) + CELL(0.935 ns) = 28.309 ns; Loc. = LC_X24_Y5_N5; Fanout = 2; REG Node = 'FrequencyDivider:inst|7490:inst6|19'
            Info: 11: + IC(0.777 ns) + CELL(0.935 ns) = 30.021 ns; Loc. = LC_X25_Y5_N6; Fanout = 4; REG Node = 'FrequencyDivider:inst|7490:inst6|7'
            Info: 12: + IC(0.571 ns) + CELL(0.935 ns) = 31.527 ns; Loc. = LC_X25_Y5_N2; Fanout = 2; REG Node = 'FrequencyDivider:inst|7490:inst7|19'
            Info: 13: + IC(1.303 ns) + CELL(0.935 ns) = 33.765 ns; Loc. = LC_X25_Y6_N6; Fanout = 4; REG Node = 'FrequencyDivider:inst|7490:inst7|7'
            Info: 14: + IC(0.571 ns) + CELL(0.935 ns) = 35.271 ns; Loc. = LC_X25_Y6_N2; Fanout = 2; REG Node = 'FrequencyDivider:inst|7490:inst8|19'
            Info: 15: + IC(0.783 ns) + CELL(0.935 ns) = 36.989 ns; Loc. = LC_X26_Y6_N3; Fanout = 21; REG Node = 'FrequencyDivider:inst|7490:inst8|7'
            Info: 16: + IC(3.950 ns) + CELL(0.711 ns) = 41.650 ns; Loc. = LC_X17_Y9_N4; Fanout = 15; REG Node = '74163:inst151|f74163:sub|134'
            Info: Total cell delay = 15.270 ns ( 36.66 % )
            Info: Total interconnect delay = 26.380 ns ( 63.34 % )
        Info: - Shortest clock path from clock "OSC" to source register is 9.191 ns
            Info: 1: + IC(0.000 ns) + CELL(1.469 ns) = 1.469 ns; Loc. = PIN_16; Fanout = 81; CLK Node = 'OSC'
            Info: 2: + IC(0.560 ns) + CELL(0.935 ns) = 2.964 ns; Loc. = LC_X8_Y7_N2; Fanout = 2; REG Node = 'FrequencyDivider:inst|7490:inst|19'
            Info: 3: + IC(0.578 ns) + CELL(0.935 ns) = 4.477 ns; Loc. = LC_X8_Y7_N6; Fanout = 8; REG Node = 'FrequencyDivider:inst|7490:inst|7'
            Info: 4: + IC(4.003 ns) + CELL(0.711 ns) = 9.191 ns; Loc. = LC_X12_Y10_N2; Fanout = 3; REG Node = 'Key:inst50|7474:inst|9'
            Info: Total cell delay = 4.050 ns ( 44.06 % )
            Info: Total interconnect delay = 5.141 ns ( 55.94 % )
    Info: - Micro clock to output delay of source is 0.224 ns
    Info: - Shortest register to register delay is 3.361 ns
        Info: 1: + IC(0.000 ns) + CELL(0.000 ns) = 0.000 ns; Loc. = LC_X12_Y10_N2; Fanout = 3; REG Node = 'Key:inst50|7474:inst|9'
        Info: 2: + IC(0.000 ns) + CELL(0.378 ns) = 0.378 ns; Loc. = LC_X12_Y10_N2; Fanout = 10; COMB Node = 'Key:inst50|inst1'
        Info: 3: + IC(2.050 ns) + CELL(0.442 ns) = 2.870 ns; Loc. = LC_X17_Y9_N3; Fanout = 4; COMB Node = 'inst115'
        Info: 4: + IC(0.182 ns) + CELL(0.309 ns) = 3.361 ns; Loc. = LC_X17_Y9_N4; Fanout = 15; REG Node = '74163:inst151|f74163:sub|134'
        Info: Total cell delay = 1.129 ns ( 33.59 % )
        Info: Total interconnect delay = 2.232 ns ( 66.41 % )
    Info: + Micro hold delay of destination is 0.015 ns
Info: tsu for register "Key:inst137|7474:inst|9" (data pin = "SW7", clock pin = "OSC") is -0.587 ns
    Info: + Longest pin to register delay is 8.567 ns
        Info: 1: + IC(0.000 ns) + CELL(1.475 ns) = 1.475 ns; Loc. = PIN_61; Fanout = 1; PIN Node = 'SW7'
        Info: 2: + IC(6.977 ns) + CELL(0.115 ns) = 8.567 ns; Loc. = LC_X12_Y9_N2; Fanout = 8; REG Node = 'Key:inst137|7474:inst|9'
        Info: Total cell delay = 1.590 ns ( 18.56 % )
        Info: Total interconnect delay = 6.977 ns ( 81.44 % )
    Info: + Micro setup delay of destination is 0.037 ns
    Info: - Shortest clock path from clock "OSC" to destination register is 9.191 ns
        Info: 1: + IC(0.000 ns) + CELL(1.469 ns) = 1.469 ns; Loc. = PIN_16; Fanout = 81; CLK Node = 'OSC'
        Info: 2: + IC(0.560 ns) + CELL(0.935 ns) = 2.964 ns; Loc. = LC_X8_Y7_N2; Fanout = 2; REG Node = 'FrequencyDivider:inst|7490:inst|19'
        Info: 3: + IC(0.578 ns) + CELL(0.935 ns) = 4.477 ns; Loc. = LC_X8_Y7_N6; Fanout = 8; REG Node = 'FrequencyDivider:inst|7490:inst|7'
        Info: 4: + IC(4.003 ns) + CELL(0.711 ns) = 9.191 ns; Loc. = LC_X12_Y9_N2; Fanout = 8; REG Node = 'Key:inst137|7474:inst|9'
        Info: Total cell delay = 4.050 ns ( 44.06 % )
        Info: Total interconnect delay = 5.141 ns ( 55.94 % )
Info: tco from clock "OSC" to destination pin "C3" through register "74161:inst73|f74161:sub|87" is 54.149 ns
    Info: + Longest clock path from clock "OSC" to source register is 41.650 ns
        Info: 1: + IC(0.000 ns) + CELL(1.469 ns) = 1.469 ns; Loc. = PIN_16; Fanout = 81; CLK Node = 'OSC'
        Info: 2: + IC(0.560 ns) + CELL(0.935 ns) = 2.964 ns; Loc. = LC_X8_Y7_N2; Fanout = 2; REG Node = 'FrequencyDivider:inst|7490:inst|19'
        Info: 3: + IC(0.578 ns) + CELL(0.935 ns) = 4.477 ns; Loc. = LC_X8_Y7_N6; Fanout = 8; REG Node = 'FrequencyDivider:inst|7490:inst|7'
        Info: 4: + IC(3.980 ns) + CELL(0.935 ns) = 9.392 ns; Loc. = LC_X26_Y5_N7; Fanout = 2; REG Node = 'FrequencyDivider:inst|7490:inst2|19'
        Info: 5: + IC(0.574 ns) + CELL(0.935 ns) = 10.901 ns; Loc. = LC_X26_Y5_N2; Fanout = 10; REG Node = 'FrequencyDivider:inst|7490:inst2|7'
        Info: 6: + IC(4.160 ns) + CELL(0.935 ns) = 15.996 ns; Loc. = LC_X24_Y6_N7; Fanout = 2; REG Node = 'FrequencyDivider:inst|7490:inst3|19'
        Info: 7: + IC(0.574 ns) + CELL(0.935 ns) = 17.505 ns; Loc. = LC_X24_Y6_N2; Fanout = 4; REG Node = 'FrequencyDivider:inst|7490:inst3|7'
        Info: 8: + IC(3.956 ns) + CELL(0.935 ns) = 22.396 ns; Loc. = LC_X8_Y6_N7; Fanout = 2; REG Node = 'FrequencyDivider:inst|7490:inst4|19'
        Info: 9: + IC(0.579 ns) + CELL(0.935 ns) = 23.910 ns; Loc. = LC_X8_Y6_N0; Fanout = 22; REG Node = 'FrequencyDivider:inst|7490:inst4|7'
        Info: 10: + IC(3.464 ns) + CELL(0.935 ns) = 28.309 ns; Loc. = LC_X24_Y5_N5; Fanout = 2; REG Node = 'FrequencyDivider:inst|7490:inst6|19'
        Info: 11: + IC(0.777 ns) + CELL(0.935 ns) = 30.021 ns; Loc. = LC_X25_Y5_N6; Fanout = 4; REG Node = 'FrequencyDivider:inst|7490:inst6|7'
        Info: 12: + IC(0.571 ns) + CELL(0.935 ns) = 31.527 ns; Loc. = LC_X25_Y5_N2; Fanout = 2; REG Node = 'FrequencyDivider:inst|7490:inst7|19'
        Info: 13: + IC(1.303 ns) + CELL(0.935 ns) = 33.765 ns; Loc. = LC_X25_Y6_N6; Fanout = 4; REG Node = 'FrequencyDivider:inst|7490:inst7|7'
        Info: 14: + IC(0.571 ns) + CELL(0.935 ns) = 35.271 ns; Loc. = LC_X25_Y6_N2; Fanout = 2; REG Node = 'FrequencyDivider:inst|7490:inst8|19'
        Info: 15: + IC(0.783 ns) + CELL(0.935 ns) = 36.989 ns; Loc. = LC_X26_Y6_N3; Fanout = 21; REG Node = 'FrequencyDivider:inst|7490:inst8|7'
        Info: 16: + IC(3.950 ns) + CELL(0.711 ns) = 41.650 ns; Loc. = LC_X19_Y6_N7; Fanout = 6; REG Node = '74161:inst73|f74161:sub|87'
        Info: Total cell delay = 15.270 ns ( 36.66 % )
        Info: Total interconnect delay = 26.380 ns ( 63.34 % )
    Info: + Micro clock to output delay of source is 0.224 ns
    Info: + Longest register to pin delay is 12.275 ns
        Info: 1: + IC(0.000 ns) + CELL(0.000 ns) = 0.000 ns; Loc. = LC_X19_Y6_N7; Fanout = 6; REG Node = '74161:inst73|f74161:sub|87'
        Info: 2: + IC(1.195 ns) + CELL(0.590 ns) = 1.785 ns; Loc. = LC_X19_Y6_N1; Fanout = 1; COMB Node = 'busmux:inst129|lpm_mux:$00000|mux_5fc:auto_generated|result_node[1]~10'
        Info: 3: + IC(0.415 ns) + CELL(0.114 ns) = 2.314 ns; Loc. = LC_X19_Y6_N4; Fanout = 16; COMB Node = 'busmux:inst129|lpm_mux:$00000|mux_5fc:auto_generated|result_node[1]~8'
        Info: 4: + IC(1.384 ns) + CELL(0.292 ns) = 3.990 ns; Loc. = LC_X19_Y9_N1; Fanout = 1; COMB Node = '74151:inst80|f74151:sub|78~0'
        Info: 5: + IC(0.433 ns) + CELL(0.114 ns) = 4.537 ns; Loc. = LC_X19_Y9_N5; Fanout = 4; COMB Node = '74151:inst80|f74151:sub|78~1'
        Info: 6: + IC(0.447 ns) + CELL(0.442 ns) = 5.426 ns; Loc. = LC_X19_Y9_N7; Fanout = 1; COMB Node = 'inst58~0'
        Info: 7: + IC(1.225 ns) + CELL(0.590 ns) = 7.241 ns; Loc. = LC_X18_Y8_N2; Fanout = 1; COMB Node = 'inst58~1'
        Info: 8: + IC(2.926 ns) + CELL(2.108 ns) = 12.275 ns; Loc. = PIN_132; Fanout = 0; PIN Node = 'C3'
        Info: Total cell delay = 4.250 ns ( 34.62 % )
        Info: Total interconnect delay = 8.025 ns ( 65.38 % )
Info: th for register "Key:inst139|7474:inst|9" (data pin = "SW5", clock pin = "OSC") is 20.892 ns
    Info: + Longest clock path from clock "OSC" to destination register is 28.123 ns
        Info: 1: + IC(0.000 ns) + CELL(1.469 ns) = 1.469 ns; Loc. = PIN_16; Fanout = 81; CLK Node = 'OSC'
        Info: 2: + IC(0.560 ns) + CELL(0.935 ns) = 2.964 ns; Loc. = LC_X8_Y7_N2; Fanout = 2; REG Node = 'FrequencyDivider:inst|7490:inst|19'
        Info: 3: + IC(0.578 ns) + CELL(0.935 ns) = 4.477 ns; Loc. = LC_X8_Y7_N6; Fanout = 8; REG Node = 'FrequencyDivider:inst|7490:inst|7'
        Info: 4: + IC(3.980 ns) + CELL(0.935 ns) = 9.392 ns; Loc. = LC_X26_Y5_N7; Fanout = 2; REG Node = 'FrequencyDivider:inst|7490:inst2|19'
        Info: 5: + IC(0.574 ns) + CELL(0.935 ns) = 10.901 ns; Loc. = LC_X26_Y5_N2; Fanout = 10; REG Node = 'FrequencyDivider:inst|7490:inst2|7'
        Info: 6: + IC(4.160 ns) + CELL(0.935 ns) = 15.996 ns; Loc. = LC_X24_Y6_N7; Fanout = 2; REG Node = 'FrequencyDivider:inst|7490:inst3|19'
        Info: 7: + IC(0.574 ns) + CELL(0.935 ns) = 17.505 ns; Loc. = LC_X24_Y6_N2; Fanout = 4; REG Node = 'FrequencyDivider:inst|7490:inst3|7'
        Info: 8: + IC(3.956 ns) + CELL(0.935 ns) = 22.396 ns; Loc. = LC_X8_Y6_N7; Fanout = 2; REG Node = 'FrequencyDivider:inst|7490:inst4|19'
        Info: 9: + IC(0.579 ns) + CELL(0.935 ns) = 23.910 ns; Loc. = LC_X8_Y6_N0; Fanout = 22; REG Node = 'FrequencyDivider:inst|7490:inst4|7'
        Info: 10: + IC(3.502 ns) + CELL(0.711 ns) = 28.123 ns; Loc. = LC_X18_Y6_N2; Fanout = 2; REG Node = 'Key:inst139|7474:inst|9'
        Info: Total cell delay = 9.660 ns ( 34.35 % )
        Info: Total interconnect delay = 18.463 ns ( 65.65 % )
    Info: + Micro hold delay of destination is 0.015 ns
    Info: - Shortest pin to register delay is 7.246 ns
        Info: 1: + IC(0.000 ns) + CELL(1.475 ns) = 1.475 ns; Loc. = PIN_59; Fanout = 2; PIN Node = 'SW5'
        Info: 2: + IC(5.462 ns) + CELL(0.309 ns) = 7.246 ns; Loc. = LC_X18_Y6_N2; Fanout = 2; REG Node = 'Key:inst139|7474:inst|9'
        Info: Total cell delay = 1.784 ns ( 24.62 % )
        Info: Total interconnect delay = 5.462 ns ( 75.38 % )
Info: Quartus II Classic Timing Analyzer was successful. 0 errors, 3 warnings
    Info: Peak virtual memory: 195 megabytes
    Info: Processing ended: Fri Nov 14 12:35:32 2025
    Info: Elapsed time: 00:00:00
    Info: Total CPU time (on all processors): 00:00:00


