Fitter report for KeyScanning
Fri Nov 14 12:35:30 2025
Quartus II Version 9.0 Build 235 06/17/2009 Service Pack 2 SJ Web Edition


---------------------
; Table of Contents ;
---------------------
  1. Legal Notice
  2. Fitter Summary
  3. Fitter Settings
  4. Parallel Compilation
  5. Incremental Compilation Preservation Summary
  6. Incremental Compilation Partition Settings
  7. Incremental Compilation Placement Preservation
  8. Pin-Out File
  9. Fitter Resource Usage Summary
 10. Input Pins
 11. Output Pins
 12. I/O Bank Usage
 13. All Package Pins
 14. Output Pin Default Load For Reported TCO
 15. Fitter Resource Utilization by Entity
 16. Delay Chain Summary
 17. Pad To Core Delay Chain Fanout
 18. Control Signals
 19. Global & Other Fast Signals
 20. Non-Global High Fan-Out Signals
 21. Fitter RAM Summary
 22. Interconnect Usage Summary
 23. LAB Logic Elements
 24. LAB-wide Signals
 25. LAB Signals Sourced
 26. LAB Signals Sourced Out
 27. LAB Distinct Inputs
 28. Fitter Device Options
 29. Estimated Delay Added for Hold Timing
 30. Advanced Data - General
 31. Advanced Data - Placement Preparation
 32. Advanced Data - Placement
 33. Advanced Data - Routing
 34. Fitter Messages
 35. Fitter Suppressed Messages



----------------
; Legal Notice ;
----------------
Copyright (C) 1991-2009 Altera Corporation
Your use of Altera Corporation's design tools, logic functions 
and other software and tools, and its AMPP partner logic 
functions, and any output files from any of the foregoing 
(including device programming or simulation files), and any 
associated documentation or information are expressly subject 
to the terms and conditions of the Altera Program License 
Subscription Agreement, Altera MegaCore Function License 
Agreement, or other applicable license agreement, including, 
without limitation, that your use is for the sole purpose of 
programming logic devices manufactured by Altera and sold by 
Altera or its authorized distributors.  Please refer to the 
applicable agreement for further details.



+----------------------------------------------------------------------+
; Fitter Summary                                                       ;
+-----------------------+----------------------------------------------+
; Fitter Status         ; Successful - Fri Nov 14 12:35:30 2025        ;
; Quartus II Version    ; 9.0 Build 235 06/17/2009 SP 2 SJ Web Edition ;
; Revision Name         ; KeyScanning                                  ;
; Top-level Entity Name ; main                                         ;
; Family                ; Cyclone                                      ;
; Device                ; EP1C3T144C8                                  ;
; Timing Models         ; Final                                        ;
; Total logic elements  ; 245 / 2,910 ( 8 % )                          ;
; Total pins            ; 41 / 104 ( 39 % )                            ;
; Total virtual pins    ; 0                                            ;
; Total memory bits     ; 8,192 / 59,904 ( 14 % )                      ;
; Total PLLs            ; 0 / 1 ( 0 % )                                ;
+-----------------------+----------------------------------------------+


+--------------------------------------------------------------------------------------------------------------------------------------+
; Fitter Settings                                                                                                                      ;
+--------------------------------------------------------------------+--------------------------------+--------------------------------+
; Option                                                             ; Setting                        ; Default Value                  ;
+--------------------------------------------------------------------+--------------------------------+--------------------------------+
; Device                                                             ; EP1C3T144C8                    ;                                ;
; Fit Attempts to Skip                                               ; 0                              ; 0.0                            ;
; Device I/O Standard                                                ; 3.3-V LVTTL                    ;                                ;
; Use smart compilation                                              ; Off                            ; Off                            ;
; Use TimeQuest Timing Analyzer                                      ; Off                            ; Off                            ;
; Router Timing Optimization Level                                   ; Normal                         ; Normal                         ;
; Placement Effort Multiplier                                        ; 1.0                            ; 1.0                            ;
; Router Effort Multiplier                                           ; 1.0                            ; 1.0                            ;
; Optimize Hold Timing                                               ; IO Paths and Minimum TPD Paths ; IO Paths and Minimum TPD Paths ;
; Optimize Multi-Corner Timing                                       ; Off                            ; Off                            ;
; Optimize Timing                                                    ; Normal compilation             ; Normal compilation             ;
; Optimize Timing for ECOs                                           ; Off                            ; Off                            ;
; Regenerate full fit report during ECO compiles                     ; Off                            ; Off                            ;
; Optimize IOC Register Placement for Timing                         ; On                             ; On                             ;
; Limit to One Fitting Attempt                                       ; Off                            ; Off                            ;
; Final Placement Optimizations                                      ; Automatically                  ; Automatically                  ;
; Fitter Aggressive Routability Optimizations                        ; Automatically                  ; Automatically                  ;
; Fitter Initial Placement Seed                                      ; 1                              ; 1                              ;
; Slow Slew Rate                                                     ; Off                            ; Off                            ;
; PCI I/O                                                            ; Off                            ; Off                            ;
; Weak Pull-Up Resistor                                              ; Off                            ; Off                            ;
; Enable Bus-Hold Circuitry                                          ; Off                            ; Off                            ;
; Auto Global Memory Control Signals                                 ; Off                            ; Off                            ;
; Auto Packed Registers                                              ; Auto                           ; Auto                           ;
; Auto Delay Chains                                                  ; On                             ; On                             ;
; Auto Merge PLLs                                                    ; On                             ; On                             ;
; Perform Physical Synthesis for Combinational Logic for Performance ; Off                            ; Off                            ;
; Perform Register Duplication for Performance                       ; Off                            ; Off                            ;
; Perform Register Retiming for Performance                          ; Off                            ; Off                            ;
; Perform Asynchronous Signal Pipelining                             ; Off                            ; Off                            ;
; Fitter Effort                                                      ; Auto Fit                       ; Auto Fit                       ;
; Physical Synthesis Effort Level                                    ; Normal                         ; Normal                         ;
; Logic Cell Insertion - Logic Duplication                           ; Auto                           ; Auto                           ;
; Auto Register Duplication                                          ; Auto                           ; Auto                           ;
; Auto Global Clock                                                  ; On                             ; On                             ;
; Auto Global Register Control Signals                               ; On                             ; On                             ;
; Stop After Congestion Map Generation                               ; Off                            ; Off                            ;
; Save Intermediate Fitting Results                                  ; Off                            ; Off                            ;
; Force Fitter to Avoid Periphery Placement Warnings                 ; Off                            ; Off                            ;
+--------------------------------------------------------------------+--------------------------------+--------------------------------+


+------------------------------------------+
; Parallel Compilation                     ;
+----------------------------+-------------+
; Processors                 ; Number      ;
+----------------------------+-------------+
; Number detected on machine ; 10          ;
; Maximum allowed            ; 4           ;
;                            ;             ;
; Average used               ; 1.00        ;
; Maximum used               ; 4           ;
;                            ;             ;
; Usage by Processor         ; % Time Used ;
;     1 processor            ; 100.0%      ;
;     2-4 processors         ; < 0.1%      ;
;     5-10 processors        ;   0.0%      ;
+----------------------------+-------------+


+----------------------------------------------+
; Incremental Compilation Preservation Summary ;
+-------------------------+--------------------+
; Type                    ; Value              ;
+-------------------------+--------------------+
; Placement               ;                    ;
;     -- Requested        ; 0 / 364 ( 0.00 % ) ;
;     -- Achieved         ; 0 / 364 ( 0.00 % ) ;
;                         ;                    ;
; Routing (by Connection) ;                    ;
;     -- Requested        ; 0 / 0 ( 0.00 % )   ;
;     -- Achieved         ; 0 / 0 ( 0.00 % )   ;
+-------------------------+--------------------+


+--------------------------------------------------------------------------------------------------------------------------------------------------+
; Incremental Compilation Partition Settings                                                                                                       ;
+----------------+----------------+-------------------+-------------------------+------------------------+------------------------------+----------+
; Partition Name ; Partition Type ; Netlist Type Used ; Preservation Level Used ; Netlist Type Requested ; Preservation Level Requested ; Contents ;
+----------------+----------------+-------------------+-------------------------+------------------------+------------------------------+----------+
; Top            ; User-created   ; Source File       ; N/A                     ; Source File            ; N/A                          ;          ;
+----------------+----------------+-------------------+-------------------------+------------------------+------------------------------+----------+


+--------------------------------------------------------------------------------------------+
; Incremental Compilation Placement Preservation                                             ;
+----------------+---------+-------------------+-------------------------+-------------------+
; Partition Name ; # Nodes ; # Preserved Nodes ; Preservation Level Used ; Netlist Type Used ;
+----------------+---------+-------------------+-------------------------+-------------------+
; Top            ; 364     ; 0                 ; N/A                     ; Source File       ;
+----------------+---------+-------------------+-------------------------+-------------------+


+--------------+
; Pin-Out File ;
+--------------+
The pin-out file can be found in C:/Users/Ma Yuxuan/Desktop/KeyScanning -最终优化版/KeyScanning.pin.


+--------------------------------------------------------------------------------------------------------------------------------------+
; Fitter Resource Usage Summary                                                                                                        ;
+---------------------------------------------+----------------------------------------------------------------------------------------+
; Resource                                    ; Usage                                                                                  ;
+---------------------------------------------+----------------------------------------------------------------------------------------+
; Total logic elements                        ; 245 / 2,910 ( 8 % )                                                                    ;
;     -- Combinational with no register       ; 160                                                                                    ;
;     -- Register only                        ; 6                                                                                      ;
;     -- Combinational with a register        ; 79                                                                                     ;
;                                             ;                                                                                        ;
; Logic element usage by number of LUT inputs ;                                                                                        ;
;     -- 4 input functions                    ; 136                                                                                    ;
;     -- 3 input functions                    ; 20                                                                                     ;
;     -- 2 input functions                    ; 61                                                                                     ;
;     -- 1 input functions                    ; 22                                                                                     ;
;     -- 0 input functions                    ; 0                                                                                      ;
;                                             ;                                                                                        ;
; Logic elements by mode                      ;                                                                                        ;
;     -- normal mode                          ; 231                                                                                    ;
;     -- arithmetic mode                      ; 14                                                                                     ;
;     -- qfbk mode                            ; 14                                                                                     ;
;     -- register cascade mode                ; 0                                                                                      ;
;     -- synchronous clear/load mode          ; 18                                                                                     ;
;     -- asynchronous clear/load mode         ; 19                                                                                     ;
;                                             ;                                                                                        ;
; Total registers                             ; 85 / 3,210 ( 3 % )                                                                     ;
; Total LABs                                  ; 36 / 291 ( 12 % )                                                                      ;
; Logic elements in carry chains              ; 19                                                                                     ;
; User inserted logic elements                ; 0                                                                                      ;
; Virtual pins                                ; 0                                                                                      ;
; I/O pins                                    ; 41 / 104 ( 39 % )                                                                      ;
;     -- Clock pins                           ; 1 / 2 ( 50 % )                                                                         ;
; Global signals                              ; 8                                                                                      ;
; M4Ks                                        ; 2 / 13 ( 15 % )                                                                        ;
; Total memory bits                           ; 8,192 / 59,904 ( 14 % )                                                                ;
; Total RAM block bits                        ; 9,216 / 59,904 ( 15 % )                                                                ;
; PLLs                                        ; 0 / 1 ( 0 % )                                                                          ;
; Global clocks                               ; 8 / 8 ( 100 % )                                                                        ;
; JTAGs                                       ; 0 / 1 ( 0 % )                                                                          ;
; ASMI Blocks                                 ; 0 / 1 ( 0 % )                                                                          ;
; CRC blocks                                  ; 0 / 1 ( 0 % )                                                                          ;
; Average interconnect usage (total/H/V)      ; 3% / 3% / 3%                                                                           ;
; Peak interconnect usage (total/H/V)         ; 4% / 4% / 4%                                                                           ;
; Maximum fan-out node                        ; lpm_rom2:inst51|altsyncram:altsyncram_component|altsyncram_tq21:auto_generated|q_a[10] ;
; Maximum fan-out                             ; 36                                                                                     ;
; Highest non-global fan-out signal           ; 74163:inst151|f74163:sub|34                                                            ;
; Highest non-global fan-out                  ; 36                                                                                     ;
; Total fan-out                               ; 861                                                                                    ;
; Average fan-out                             ; 2.97                                                                                   ;
+---------------------------------------------+----------------------------------------------------------------------------------------+


+------------------------------------------------------------------------------------------------------------------------------------------------------------------------------------------------------------------------------------------------------------+
; Input Pins                                                                                                                                                                                                                                                 ;
+------+-------+----------+--------------+--------------+-------------+-----------------------+--------------------+--------+----------------+---------------+-----------------+----------+--------------+--------------+-------------+----------------------+
; Name ; Pin # ; I/O Bank ; X coordinate ; Y coordinate ; Cell number ; Combinational Fan-Out ; Registered Fan-Out ; Global ; Input Register ; Power Up High ; PCI I/O Enabled ; Bus Hold ; Weak Pull Up ; I/O Standard ; Termination ; Location assigned by ;
+------+-------+----------+--------------+--------------+-------------+-----------------------+--------------------+--------+----------------+---------------+-----------------+----------+--------------+--------------+-------------+----------------------+
; OSC  ; 16    ; 1        ; 0            ; 8            ; 2           ; 5                     ; 0                  ; yes    ; no             ; no            ; no              ; no       ; Off          ; 3.3-V LVTTL  ; Off         ; User                 ;
; PK1_ ; 51    ; 4        ; 10           ; 0            ; 0           ; 1                     ; 0                  ; no     ; no             ; no            ; no              ; no       ; Off          ; 3.3-V LVTTL  ; Off         ; User                 ;
; PK2_ ; 52    ; 4        ; 12           ; 0            ; 2           ; 1                     ; 0                  ; no     ; no             ; no            ; no              ; no       ; Off          ; 3.3-V LVTTL  ; Off         ; User                 ;
; PK3_ ; 53    ; 4        ; 12           ; 0            ; 1           ; 1                     ; 0                  ; no     ; no             ; no            ; no              ; no       ; Off          ; 3.3-V LVTTL  ; Off         ; User                 ;
; SW1  ; 55    ; 4        ; 16           ; 0            ; 2           ; 1                     ; 0                  ; no     ; no             ; no            ; no              ; no       ; Off          ; 3.3-V LVTTL  ; Off         ; User                 ;
; SW2  ; 56    ; 4        ; 16           ; 0            ; 1           ; 1                     ; 0                  ; no     ; no             ; no            ; no              ; no       ; Off          ; 3.3-V LVTTL  ; Off         ; User                 ;
; SW3  ; 57    ; 4        ; 16           ; 0            ; 0           ; 1                     ; 0                  ; no     ; no             ; no            ; no              ; no       ; Off          ; 3.3-V LVTTL  ; Off         ; User                 ;
; SW4  ; 58    ; 4        ; 18           ; 0            ; 1           ; 1                     ; 0                  ; no     ; no             ; no            ; no              ; no       ; Off          ; 3.3-V LVTTL  ; Off         ; User                 ;
; SW5  ; 59    ; 4        ; 18           ; 0            ; 0           ; 2                     ; 0                  ; no     ; no             ; no            ; no              ; no       ; Off          ; 3.3-V LVTTL  ; Off         ; User                 ;
; SW7  ; 61    ; 4        ; 20           ; 0            ; 1           ; 1                     ; 0                  ; no     ; no             ; no            ; no              ; no       ; Off          ; 3.3-V LVTTL  ; Off         ; User                 ;
; SW8  ; 62    ; 4        ; 20           ; 0            ; 0           ; 1                     ; 0                  ; no     ; no             ; no            ; no              ; no       ; Off          ; 3.3-V LVTTL  ; Off         ; User                 ;
+------+-------+----------+--------------+--------------+-------------+-----------------------+--------------------+--------+----------------+---------------+-----------------+----------+--------------+--------------+-------------+----------------------+


+----------------------------------------------------------------------------------------------------------------------------------------------------------------------------------------------------------------------------------------------------------------------------------------------------------+
; Output Pins                                                                                                                                                                                                                                                                                              ;
+-------+-------+----------+--------------+--------------+-------------+-----------------+------------------------+---------------+----------------+-----------------+------------+---------------+----------+--------------+--------------+------------------+-------------+----------------------+-------+
; Name  ; Pin # ; I/O Bank ; X coordinate ; Y coordinate ; Cell number ; Output Register ; Output Enable Register ; Power Up High ; Slow Slew Rate ; PCI I/O Enabled ; Open Drain ; TRI Primitive ; Bus Hold ; Weak Pull Up ; I/O Standard ; Current Strength ; Termination ; Location assigned by ; Load  ;
+-------+-------+----------+--------------+--------------+-------------+-----------------+------------------------+---------------+----------------+-----------------+------------+---------------+----------+--------------+--------------+------------------+-------------+----------------------+-------+
; ACOM  ; 98    ; 3        ; 27           ; 9            ; 0           ; no              ; no                     ; no            ; no             ; no              ; no         ; no            ; no       ; Off          ; 3.3-V LVTTL  ; 24mA             ; Off         ; User                 ; 10 pF ;
; C1    ; 134   ; 2        ; 8            ; 14           ; 2           ; no              ; no                     ; no            ; no             ; no              ; no         ; no            ; no       ; Off          ; 3.3-V LVTTL  ; 24mA             ; Off         ; User                 ; 10 pF ;
; C2    ; 133   ; 2        ; 8            ; 14           ; 1           ; no              ; no                     ; no            ; no             ; no              ; no         ; no            ; no       ; Off          ; 3.3-V LVTTL  ; 24mA             ; Off         ; User                 ; 10 pF ;
; C3    ; 132   ; 2        ; 8            ; 14           ; 0           ; no              ; no                     ; no            ; no             ; no              ; no         ; no            ; no       ; Off          ; 3.3-V LVTTL  ; 24mA             ; Off         ; User                 ; 10 pF ;
; C4    ; 131   ; 2        ; 10           ; 14           ; 1           ; no              ; no                     ; no            ; no             ; no              ; no         ; no            ; no       ; Off          ; 3.3-V LVTTL  ; 24mA             ; Off         ; User                 ; 10 pF ;
; C5    ; 130   ; 2        ; 10           ; 14           ; 0           ; no              ; no                     ; no            ; no             ; no              ; no         ; no            ; no       ; Off          ; 3.3-V LVTTL  ; 24mA             ; Off         ; User                 ; 10 pF ;
; C6    ; 129   ; 2        ; 12           ; 14           ; 2           ; no              ; no                     ; no            ; no             ; no              ; no         ; no            ; no       ; Off          ; 3.3-V LVTTL  ; 24mA             ; Off         ; User                 ; 10 pF ;
; C7    ; 128   ; 2        ; 12           ; 14           ; 1           ; no              ; no                     ; no            ; no             ; no              ; no         ; no            ; no       ; Off          ; 3.3-V LVTTL  ; 24mA             ; Off         ; User                 ; 10 pF ;
; C8    ; 127   ; 2        ; 12           ; 14           ; 0           ; no              ; no                     ; no            ; no             ; no              ; no         ; no            ; no       ; Off          ; 3.3-V LVTTL  ; 24mA             ; Off         ; User                 ; 10 pF ;
; CG1   ; 126   ; 2        ; 16           ; 14           ; 2           ; no              ; no                     ; no            ; no             ; no              ; no         ; no            ; no       ; Off          ; 3.3-V LVTTL  ; 24mA             ; Off         ; User                 ; 10 pF ;
; CG2   ; 125   ; 2        ; 16           ; 14           ; 1           ; no              ; no                     ; no            ; no             ; no              ; no         ; no            ; no       ; Off          ; 3.3-V LVTTL  ; 24mA             ; Off         ; User                 ; 10 pF ;
; CG3   ; 124   ; 2        ; 16           ; 14           ; 0           ; no              ; no                     ; no            ; no             ; no              ; no         ; no            ; no       ; Off          ; 3.3-V LVTTL  ; 24mA             ; Off         ; User                 ; 10 pF ;
; CG4   ; 123   ; 2        ; 18           ; 14           ; 1           ; no              ; no                     ; no            ; no             ; no              ; no         ; no            ; no       ; Off          ; 3.3-V LVTTL  ; 24mA             ; Off         ; User                 ; 10 pF ;
; CG5   ; 122   ; 2        ; 18           ; 14           ; 0           ; no              ; no                     ; no            ; no             ; no              ; no         ; no            ; no       ; Off          ; 3.3-V LVTTL  ; 24mA             ; Off         ; User                 ; 10 pF ;
; CG6   ; 121   ; 2        ; 20           ; 14           ; 2           ; no              ; no                     ; no            ; no             ; no              ; no         ; no            ; no       ; Off          ; 3.3-V LVTTL  ; 24mA             ; Off         ; User                 ; 10 pF ;
; CG7   ; 120   ; 2        ; 20           ; 14           ; 1           ; no              ; no                     ; no            ; no             ; no              ; no         ; no            ; no       ; Off          ; 3.3-V LVTTL  ; 24mA             ; Off         ; User                 ; 10 pF ;
; CG8   ; 119   ; 2        ; 20           ; 14           ; 0           ; no              ; no                     ; no            ; no             ; no              ; no         ; no            ; no       ; Off          ; 3.3-V LVTTL  ; 24mA             ; Off         ; User                 ; 10 pF ;
; DE1   ; 41    ; 4        ; 6            ; 0            ; 1           ; no              ; no                     ; no            ; no             ; no              ; no         ; no            ; no       ; Off          ; 3.3-V LVTTL  ; 24mA             ; Off         ; User                 ; 10 pF ;
; DE2   ; 42    ; 4        ; 6            ; 0            ; 0           ; no              ; no                     ; no            ; no             ; no              ; no         ; no            ; no       ; Off          ; 3.3-V LVTTL  ; 24mA             ; Off         ; User                 ; 10 pF ;
; DE3   ; 47    ; 4        ; 8            ; 0            ; 2           ; no              ; no                     ; no            ; no             ; no              ; no         ; no            ; no       ; Off          ; 3.3-V LVTTL  ; 24mA             ; Off         ; User                 ; 10 pF ;
; LED12 ; 28    ; 1        ; 0            ; 4            ; 1           ; no              ; no                     ; no            ; no             ; no              ; no         ; no            ; no       ; Off          ; 3.3-V LVTTL  ; 24mA             ; Off         ; User                 ; 10 pF ;
; ROW1  ; 85    ; 3        ; 27           ; 7            ; 1           ; no              ; no                     ; no            ; no             ; no              ; no         ; no            ; no       ; Off          ; 3.3-V LVTTL  ; 24mA             ; Off         ; User                 ; 10 pF ;
; ROW2  ; 91    ; 3        ; 27           ; 7            ; 0           ; no              ; no                     ; no            ; no             ; no              ; no         ; no            ; no       ; Off          ; 3.3-V LVTTL  ; 24mA             ; Off         ; User                 ; 10 pF ;
; ROW3  ; 144   ; 2        ; 2            ; 14           ; 1           ; no              ; no                     ; no            ; no             ; no              ; no         ; no            ; no       ; Off          ; 3.3-V LVTTL  ; 24mA             ; Off         ; User                 ; 10 pF ;
; ROW4  ; 143   ; 2        ; 2            ; 14           ; 0           ; no              ; no                     ; no            ; no             ; no              ; no         ; no            ; no       ; Off          ; 3.3-V LVTTL  ; 24mA             ; Off         ; User                 ; 10 pF ;
; ROW5  ; 142   ; 2        ; 4            ; 14           ; 1           ; no              ; no                     ; no            ; no             ; no              ; no         ; no            ; no       ; Off          ; 3.3-V LVTTL  ; 24mA             ; Off         ; User                 ; 10 pF ;
; ROW6  ; 141   ; 2        ; 4            ; 14           ; 0           ; no              ; no                     ; no            ; no             ; no              ; no         ; no            ; no       ; Off          ; 3.3-V LVTTL  ; 24mA             ; Off         ; User                 ; 10 pF ;
; ROW7  ; 140   ; 2        ; 6            ; 14           ; 1           ; no              ; no                     ; no            ; no             ; no              ; no         ; no            ; no       ; Off          ; 3.3-V LVTTL  ; 24mA             ; Off         ; User                 ; 10 pF ;
; ROW8  ; 139   ; 2        ; 6            ; 14           ; 0           ; no              ; no                     ; no            ; no             ; no              ; no         ; no            ; no       ; Off          ; 3.3-V LVTTL  ; 24mA             ; Off         ; User                 ; 10 pF ;
; sound ; 54    ; 4        ; 12           ; 0            ; 0           ; no              ; no                     ; no            ; no             ; no              ; no         ; no            ; no       ; Off          ; 3.3-V LVTTL  ; 24mA             ; Off         ; User                 ; 10 pF ;
+-------+-------+----------+--------------+--------------+-------------+-----------------+------------------------+---------------+----------------+-----------------+------------+---------------+----------+--------------+--------------+------------------+-------------+----------------------+-------+


+------------------------------------------------------------+
; I/O Bank Usage                                             ;
+----------+------------------+---------------+--------------+
; I/O Bank ; Usage            ; VCCIO Voltage ; VREF Voltage ;
+----------+------------------+---------------+--------------+
; 1        ; 4 / 22 ( 18 % )  ; 3.3V          ; --           ;
; 2        ; 22 / 28 ( 79 % ) ; 3.3V          ; --           ;
; 3        ; 3 / 26 ( 12 % )  ; 3.3V          ; --           ;
; 4        ; 14 / 28 ( 50 % ) ; 3.3V          ; --           ;
+----------+------------------+---------------+--------------+


+------------------------------------------------------------------------------------------------------------------------------------------------------------------------+
; All Package Pins                                                                                                                                                       ;
+----------+------------+----------+------------------------------------------+--------+--------------+---------+------------+-----------------+----------+--------------+
; Location ; Pad Number ; I/O Bank ; Pin Name/Usage                           ; Dir.   ; I/O Standard ; Voltage ; I/O Type   ; User Assignment ; Bus Hold ; Weak Pull Up ;
+----------+------------+----------+------------------------------------------+--------+--------------+---------+------------+-----------------+----------+--------------+
; 1        ; 0          ; 1        ; GND*                                     ;        ;              ;         ; Row I/O    ;                 ; no       ; Off          ;
; 2        ; 1          ; 1        ; GND*                                     ;        ;              ;         ; Row I/O    ;                 ; no       ; Off          ;
; 3        ; 2          ; 1        ; GND*                                     ;        ;              ;         ; Row I/O    ;                 ; no       ; Off          ;
; 4        ; 3          ; 1        ; GND*                                     ;        ;              ;         ; Row I/O    ;                 ; no       ; Off          ;
; 5        ; 4          ; 1        ; GND*                                     ;        ;              ;         ; Row I/O    ;                 ; no       ; Off          ;
; 6        ; 5          ; 1        ; GND*                                     ;        ;              ;         ; Row I/O    ;                 ; no       ; Off          ;
; 7        ; 6          ; 1        ; GND*                                     ;        ;              ;         ; Row I/O    ;                 ; no       ; Off          ;
; 8        ;            ; 1        ; VCCIO1                                   ; power  ;              ; 3.3V    ; --         ;                 ; --       ; --           ;
; 9        ;            ;          ; GND                                      ; gnd    ;              ;         ; --         ;                 ; --       ; --           ;
; 10       ; 7          ; 1        ; GND*                                     ;        ;              ;         ; Row I/O    ;                 ; no       ; Off          ;
; 11       ; 8          ; 1        ; GND*                                     ;        ;              ;         ; Row I/O    ;                 ; no       ; Off          ;
; 12       ; 9          ; 1        ; ~nCSO~ / RESERVED_INPUT_WITH_WEAK_PULLUP ; input  ; 3.3-V LVTTL  ;         ; Row I/O    ; N               ; no       ; On           ;
; 13       ; 10         ; 1        ; ^DATA0                                   ; input  ;              ;         ; --         ;                 ; --       ; --           ;
; 14       ; 11         ; 1        ; ^nCONFIG                                 ;        ;              ;         ; --         ;                 ; --       ; --           ;
; 15       ;            ;          ; VCCA_PLL1                                ; power  ;              ; 1.5V    ; --         ;                 ; --       ; --           ;
; 16       ; 12         ; 1        ; OSC                                      ; input  ; 3.3-V LVTTL  ;         ; Row I/O    ; Y               ; no       ; Off          ;
; 17       ; 13         ; 1        ; GND+                                     ;        ;              ;         ; Row I/O    ;                 ; --       ; --           ;
; 18       ;            ;          ; GNDA_PLL1                                ; gnd    ;              ;         ; --         ;                 ; --       ; --           ;
; 19       ;            ;          ; GNDG_PLL1                                ; gnd    ;              ;         ; --         ;                 ; --       ; --           ;
; 20       ; 14         ; 1        ; ^nCEO                                    ;        ;              ;         ; --         ;                 ; --       ; --           ;
; 21       ; 15         ; 1        ; ^nCE                                     ;        ;              ;         ; --         ;                 ; --       ; --           ;
; 22       ; 16         ; 1        ; ^MSEL0                                   ;        ;              ;         ; --         ;                 ; --       ; --           ;
; 23       ; 17         ; 1        ; ^MSEL1                                   ;        ;              ;         ; --         ;                 ; --       ; --           ;
; 24       ; 18         ; 1        ; ^DCLK                                    ; bidir  ;              ;         ; --         ;                 ; --       ; --           ;
; 25       ; 19         ; 1        ; ~ASDO~ / RESERVED_INPUT_WITH_WEAK_PULLUP ; input  ; 3.3-V LVTTL  ;         ; Row I/O    ; N               ; no       ; On           ;
; 26       ; 20         ; 1        ; GND*                                     ;        ;              ;         ; Row I/O    ;                 ; no       ; Off          ;
; 27       ; 21         ; 1        ; GND*                                     ;        ;              ;         ; Row I/O    ;                 ; no       ; Off          ;
; 28       ; 22         ; 1        ; LED12                                    ; output ; 3.3-V LVTTL  ;         ; Row I/O    ; Y               ; no       ; Off          ;
; 29       ;            ; 1        ; VCCIO1                                   ; power  ;              ; 3.3V    ; --         ;                 ; --       ; --           ;
; 30       ;            ;          ; GND                                      ; gnd    ;              ;         ; --         ;                 ; --       ; --           ;
; 31       ; 23         ; 1        ; GND*                                     ;        ;              ;         ; Row I/O    ;                 ; no       ; Off          ;
; 32       ; 24         ; 1        ; GND*                                     ;        ;              ;         ; Row I/O    ;                 ; no       ; Off          ;
; 33       ; 25         ; 1        ; GND*                                     ;        ;              ;         ; Row I/O    ;                 ; no       ; Off          ;
; 34       ; 26         ; 1        ; GND*                                     ;        ;              ;         ; Row I/O    ;                 ; no       ; Off          ;
; 35       ; 27         ; 1        ; GND*                                     ;        ;              ;         ; Row I/O    ;                 ; no       ; Off          ;
; 36       ; 28         ; 1        ; GND*                                     ;        ;              ;         ; Row I/O    ;                 ; no       ; Off          ;
; 37       ; 29         ; 4        ; GND*                                     ;        ;              ;         ; Column I/O ;                 ; no       ; Off          ;
; 38       ; 30         ; 4        ; GND*                                     ;        ;              ;         ; Column I/O ;                 ; no       ; Off          ;
; 39       ; 31         ; 4        ; GND*                                     ;        ;              ;         ; Column I/O ;                 ; no       ; Off          ;
; 40       ; 32         ; 4        ; GND*                                     ;        ;              ;         ; Column I/O ;                 ; no       ; Off          ;
; 41       ; 33         ; 4        ; DE1                                      ; output ; 3.3-V LVTTL  ;         ; Column I/O ; Y               ; no       ; Off          ;
; 42       ; 34         ; 4        ; DE2                                      ; output ; 3.3-V LVTTL  ;         ; Column I/O ; Y               ; no       ; Off          ;
; 43       ;            ;          ; GND                                      ; gnd    ;              ;         ; --         ;                 ; --       ; --           ;
; 44       ;            ; 4        ; VCCIO4                                   ; power  ;              ; 3.3V    ; --         ;                 ; --       ; --           ;
; 45       ;            ;          ; GND                                      ; gnd    ;              ;         ; --         ;                 ; --       ; --           ;
; 46       ;            ;          ; VCCINT                                   ; power  ;              ; 1.5V    ; --         ;                 ; --       ; --           ;
; 47       ; 35         ; 4        ; DE3                                      ; output ; 3.3-V LVTTL  ;         ; Column I/O ; Y               ; no       ; Off          ;
; 48       ; 36         ; 4        ; GND*                                     ;        ;              ;         ; Column I/O ;                 ; no       ; Off          ;
; 49       ; 37         ; 4        ; GND*                                     ;        ;              ;         ; Column I/O ;                 ; no       ; Off          ;
; 50       ; 38         ; 4        ; GND*                                     ;        ;              ;         ; Column I/O ;                 ; no       ; Off          ;
; 51       ; 39         ; 4        ; PK1_                                     ; input  ; 3.3-V LVTTL  ;         ; Column I/O ; Y               ; no       ; Off          ;
; 52       ; 40         ; 4        ; PK2_                                     ; input  ; 3.3-V LVTTL  ;         ; Column I/O ; Y               ; no       ; Off          ;
; 53       ; 41         ; 4        ; PK3_                                     ; input  ; 3.3-V LVTTL  ;         ; Column I/O ; Y               ; no       ; Off          ;
; 54       ; 42         ; 4        ; sound                                    ; output ; 3.3-V LVTTL  ;         ; Column I/O ; Y               ; no       ; Off          ;
; 55       ; 43         ; 4        ; SW1                                      ; input  ; 3.3-V LVTTL  ;         ; Column I/O ; Y               ; no       ; Off          ;
; 56       ; 44         ; 4        ; SW2                                      ; input  ; 3.3-V LVTTL  ;         ; Column I/O ; Y               ; no       ; Off          ;
; 57       ; 45         ; 4        ; SW3                                      ; input  ; 3.3-V LVTTL  ;         ; Column I/O ; Y               ; no       ; Off          ;
; 58       ; 46         ; 4        ; SW4                                      ; input  ; 3.3-V LVTTL  ;         ; Column I/O ; Y               ; no       ; Off          ;
; 59       ; 47         ; 4        ; SW5                                      ; input  ; 3.3-V LVTTL  ;         ; Column I/O ; Y               ; no       ; Off          ;
; 60       ; 48         ; 4        ; GND*                                     ;        ;              ;         ; Column I/O ;                 ; no       ; Off          ;
; 61       ; 49         ; 4        ; SW7                                      ; input  ; 3.3-V LVTTL  ;         ; Column I/O ; Y               ; no       ; Off          ;
; 62       ; 50         ; 4        ; SW8                                      ; input  ; 3.3-V LVTTL  ;         ; Column I/O ; Y               ; no       ; Off          ;
; 63       ;            ;          ; GND                                      ; gnd    ;              ;         ; --         ;                 ; --       ; --           ;
; 64       ;            ;          ; VCCINT                                   ; power  ;              ; 1.5V    ; --         ;                 ; --       ; --           ;
; 65       ;            ;          ; GND                                      ; gnd    ;              ;         ; --         ;                 ; --       ; --           ;
; 66       ;            ; 4        ; VCCIO4                                   ; power  ;              ; 3.3V    ; --         ;                 ; --       ; --           ;
; 67       ; 51         ; 4        ; GND*                                     ;        ;              ;         ; Column I/O ;                 ; no       ; Off          ;
; 68       ; 52         ; 4        ; GND*                                     ;        ;              ;         ; Column I/O ;                 ; no       ; Off          ;
; 69       ; 53         ; 4        ; GND*                                     ;        ;              ;         ; Column I/O ;                 ; no       ; Off          ;
; 70       ; 54         ; 4        ; GND*                                     ;        ;              ;         ; Column I/O ;                 ; no       ; Off          ;
; 71       ; 55         ; 4        ; GND*                                     ;        ;              ;         ; Column I/O ;                 ; no       ; Off          ;
; 72       ; 56         ; 4        ; GND*                                     ;        ;              ;         ; Column I/O ;                 ; no       ; Off          ;
; 73       ; 57         ; 3        ; GND*                                     ;        ;              ;         ; Row I/O    ;                 ; no       ; Off          ;
; 74       ; 58         ; 3        ; GND*                                     ;        ;              ;         ; Row I/O    ;                 ; no       ; Off          ;
; 75       ; 59         ; 3        ; GND*                                     ;        ;              ;         ; Row I/O    ;                 ; no       ; Off          ;
; 76       ; 60         ; 3        ; GND*                                     ;        ;              ;         ; Row I/O    ;                 ; no       ; Off          ;
; 77       ; 61         ; 3        ; GND*                                     ;        ;              ;         ; Row I/O    ;                 ; no       ; Off          ;
; 78       ; 62         ; 3        ; GND*                                     ;        ;              ;         ; Row I/O    ;                 ; no       ; Off          ;
; 79       ; 63         ; 3        ; GND*                                     ;        ;              ;         ; Row I/O    ;                 ; no       ; Off          ;
; 80       ;            ;          ; GND                                      ; gnd    ;              ;         ; --         ;                 ; --       ; --           ;
; 81       ;            ; 3        ; VCCIO3                                   ; power  ;              ; 3.3V    ; --         ;                 ; --       ; --           ;
; 82       ; 64         ; 3        ; GND*                                     ;        ;              ;         ; Row I/O    ;                 ; no       ; Off          ;
; 83       ; 65         ; 3        ; GND*                                     ;        ;              ;         ; Row I/O    ;                 ; no       ; Off          ;
; 84       ; 66         ; 3        ; GND*                                     ;        ;              ;         ; Row I/O    ;                 ; no       ; Off          ;
; 85       ; 67         ; 3        ; ROW1                                     ; output ; 3.3-V LVTTL  ;         ; Row I/O    ; Y               ; no       ; Off          ;
; 86       ; 68         ; 3        ; ^CONF_DONE                               ;        ;              ;         ; --         ;                 ; --       ; --           ;
; 87       ; 69         ; 3        ; ^nSTATUS                                 ;        ;              ;         ; --         ;                 ; --       ; --           ;
; 88       ; 70         ; 3        ; #TCK                                     ; input  ;              ;         ; --         ;                 ; --       ; --           ;
; 89       ; 71         ; 3        ; #TMS                                     ; input  ;              ;         ; --         ;                 ; --       ; --           ;
; 90       ; 72         ; 3        ; #TDO                                     ; output ;              ;         ; --         ;                 ; --       ; --           ;
; 91       ; 73         ; 3        ; ROW2                                     ; output ; 3.3-V LVTTL  ;         ; Row I/O    ; Y               ; no       ; Off          ;
; 92       ; 74         ; 3        ; GND+                                     ;        ;              ;         ; Row I/O    ;                 ; --       ; --           ;
; 93       ; 75         ; 3        ; GND+                                     ;        ;              ;         ; Row I/O    ;                 ; --       ; --           ;
; 94       ; 76         ; 3        ; GND*                                     ;        ;              ;         ; Row I/O    ;                 ; no       ; Off          ;
; 95       ; 77         ; 3        ; #TDI                                     ; input  ;              ;         ; --         ;                 ; --       ; --           ;
; 96       ; 78         ; 3        ; GND*                                     ;        ;              ;         ; Row I/O    ;                 ; no       ; Off          ;
; 97       ; 79         ; 3        ; GND*                                     ;        ;              ;         ; Row I/O    ;                 ; no       ; Off          ;
; 98       ; 80         ; 3        ; ACOM                                     ; output ; 3.3-V LVTTL  ;         ; Row I/O    ; Y               ; no       ; Off          ;
; 99       ; 81         ; 3        ; GND*                                     ;        ;              ;         ; Row I/O    ;                 ; no       ; Off          ;
; 100      ; 82         ; 3        ; GND*                                     ;        ;              ;         ; Row I/O    ;                 ; no       ; Off          ;
; 101      ;            ;          ; GND                                      ; gnd    ;              ;         ; --         ;                 ; --       ; --           ;
; 102      ;            ; 3        ; VCCIO3                                   ; power  ;              ; 3.3V    ; --         ;                 ; --       ; --           ;
; 103      ; 83         ; 3        ; GND*                                     ;        ;              ;         ; Row I/O    ;                 ; no       ; Off          ;
; 104      ; 84         ; 3        ; GND*                                     ;        ;              ;         ; Row I/O    ;                 ; no       ; Off          ;
; 105      ; 85         ; 3        ; GND*                                     ;        ;              ;         ; Row I/O    ;                 ; no       ; Off          ;
; 106      ; 86         ; 3        ; GND*                                     ;        ;              ;         ; Row I/O    ;                 ; no       ; Off          ;
; 107      ; 87         ; 3        ; GND*                                     ;        ;              ;         ; Row I/O    ;                 ; no       ; Off          ;
; 108      ; 88         ; 3        ; GND*                                     ;        ;              ;         ; Row I/O    ;                 ; no       ; Off          ;
; 109      ; 89         ; 2        ; GND*                                     ;        ;              ;         ; Column I/O ;                 ; no       ; Off          ;
; 110      ; 90         ; 2        ; GND*                                     ;        ;              ;         ; Column I/O ;                 ; no       ; Off          ;
; 111      ; 91         ; 2        ; GND*                                     ;        ;              ;         ; Column I/O ;                 ; no       ; Off          ;
; 112      ; 92         ; 2        ; GND*                                     ;        ;              ;         ; Column I/O ;                 ; no       ; Off          ;
; 113      ; 93         ; 2        ; GND*                                     ;        ;              ;         ; Column I/O ;                 ; no       ; Off          ;
; 114      ; 94         ; 2        ; GND*                                     ;        ;              ;         ; Column I/O ;                 ; no       ; Off          ;
; 115      ;            ; 2        ; VCCIO2                                   ; power  ;              ; 3.3V    ; --         ;                 ; --       ; --           ;
; 116      ;            ;          ; GND                                      ; gnd    ;              ;         ; --         ;                 ; --       ; --           ;
; 117      ;            ;          ; VCCINT                                   ; power  ;              ; 1.5V    ; --         ;                 ; --       ; --           ;
; 118      ;            ;          ; GND                                      ; gnd    ;              ;         ; --         ;                 ; --       ; --           ;
; 119      ; 95         ; 2        ; CG8                                      ; output ; 3.3-V LVTTL  ;         ; Column I/O ; Y               ; no       ; Off          ;
; 120      ; 96         ; 2        ; CG7                                      ; output ; 3.3-V LVTTL  ;         ; Column I/O ; Y               ; no       ; Off          ;
; 121      ; 97         ; 2        ; CG6                                      ; output ; 3.3-V LVTTL  ;         ; Column I/O ; Y               ; no       ; Off          ;
; 122      ; 98         ; 2        ; CG5                                      ; output ; 3.3-V LVTTL  ;         ; Column I/O ; Y               ; no       ; Off          ;
; 123      ; 99         ; 2        ; CG4                                      ; output ; 3.3-V LVTTL  ;         ; Column I/O ; Y               ; no       ; Off          ;
; 124      ; 100        ; 2        ; CG3                                      ; output ; 3.3-V LVTTL  ;         ; Column I/O ; Y               ; no       ; Off          ;
; 125      ; 101        ; 2        ; CG2                                      ; output ; 3.3-V LVTTL  ;         ; Column I/O ; Y               ; no       ; Off          ;
; 126      ; 102        ; 2        ; CG1                                      ; output ; 3.3-V LVTTL  ;         ; Column I/O ; Y               ; no       ; Off          ;
; 127      ; 103        ; 2        ; C8                                       ; output ; 3.3-V LVTTL  ;         ; Column I/O ; Y               ; no       ; Off          ;
; 128      ; 104        ; 2        ; C7                                       ; output ; 3.3-V LVTTL  ;         ; Column I/O ; Y               ; no       ; Off          ;
; 129      ; 105        ; 2        ; C6                                       ; output ; 3.3-V LVTTL  ;         ; Column I/O ; Y               ; no       ; Off          ;
; 130      ; 106        ; 2        ; C5                                       ; output ; 3.3-V LVTTL  ;         ; Column I/O ; Y               ; no       ; Off          ;
; 131      ; 107        ; 2        ; C4                                       ; output ; 3.3-V LVTTL  ;         ; Column I/O ; Y               ; no       ; Off          ;
; 132      ; 108        ; 2        ; C3                                       ; output ; 3.3-V LVTTL  ;         ; Column I/O ; Y               ; no       ; Off          ;
; 133      ; 109        ; 2        ; C2                                       ; output ; 3.3-V LVTTL  ;         ; Column I/O ; Y               ; no       ; Off          ;
; 134      ; 110        ; 2        ; C1                                       ; output ; 3.3-V LVTTL  ;         ; Column I/O ; Y               ; no       ; Off          ;
; 135      ;            ;          ; VCCINT                                   ; power  ;              ; 1.5V    ; --         ;                 ; --       ; --           ;
; 136      ;            ;          ; GND                                      ; gnd    ;              ;         ; --         ;                 ; --       ; --           ;
; 137      ;            ; 2        ; VCCIO2                                   ; power  ;              ; 3.3V    ; --         ;                 ; --       ; --           ;
; 138      ;            ;          ; GND                                      ; gnd    ;              ;         ; --         ;                 ; --       ; --           ;
; 139      ; 111        ; 2        ; ROW8                                     ; output ; 3.3-V LVTTL  ;         ; Column I/O ; Y               ; no       ; Off          ;
; 140      ; 112        ; 2        ; ROW7                                     ; output ; 3.3-V LVTTL  ;         ; Column I/O ; Y               ; no       ; Off          ;
; 141      ; 113        ; 2        ; ROW6                                     ; output ; 3.3-V LVTTL  ;         ; Column I/O ; Y               ; no       ; Off          ;
; 142      ; 114        ; 2        ; ROW5                                     ; output ; 3.3-V LVTTL  ;         ; Column I/O ; Y               ; no       ; Off          ;
; 143      ; 115        ; 2        ; ROW4                                     ; output ; 3.3-V LVTTL  ;         ; Column I/O ; Y               ; no       ; Off          ;
; 144      ; 116        ; 2        ; ROW3                                     ; output ; 3.3-V LVTTL  ;         ; Column I/O ; Y               ; no       ; Off          ;
+----------+------------+----------+------------------------------------------+--------+--------------+---------+------------+-----------------+----------+--------------+
Note: Pin directions (input, output or bidir) are based on device operating in user mode.


+------------------------------------------------------------------+
; Output Pin Default Load For Reported TCO                         ;
+---------------------+-------+------------------------------------+
; I/O Standard        ; Load  ; Termination Resistance             ;
+---------------------+-------+------------------------------------+
; 3.3-V LVTTL         ; 10 pF ; Not Available                      ;
; 3.3-V LVCMOS        ; 10 pF ; Not Available                      ;
; 2.5 V               ; 10 pF ; Not Available                      ;
; 1.8 V               ; 10 pF ; Not Available                      ;
; 1.5 V               ; 10 pF ; Not Available                      ;
; SSTL-3 Class I      ; 30 pF ; 50 Ohm (Parallel), 25 Ohm (Serial) ;
; SSTL-3 Class II     ; 30 pF ; 25 Ohm (Parallel), 25 Ohm (Serial) ;
; SSTL-2 Class I      ; 30 pF ; 50 Ohm (Parallel), 25 Ohm (Serial) ;
; SSTL-2 Class II     ; 30 pF ; 25 Ohm (Parallel), 25 Ohm (Serial) ;
; Differential SSTL-2 ; 10 pF ; (See SSTL-2)                       ;
; LVDS                ; 4 pF  ; 100 Ohm (Differential)             ;
; RSDS                ; 10 pF ; 100 Ohm (Differential)             ;
+---------------------+-------+------------------------------------+
Note: User assignments will override these defaults. The user specified values are listed in the Output Pins and Bidir Pins tables.


+---------------------------------------------------------------------------------------------------------------------------------------------------------------------------------------------------------------------------------------------------------------------------------------------------------------+
; Fitter Resource Utilization by Entity                                                                                                                                                                                                                                                                         ;
+-------------------------------------------+-------------+--------------+-------------+------+------+--------------+--------------+-------------------+------------------+-----------------+------------+---------------------------------------------------------------------------------------+--------------+
; Compilation Hierarchy Node                ; Logic Cells ; LC Registers ; Memory Bits ; M4Ks ; Pins ; Virtual Pins ; LUT-Only LCs ; Register-Only LCs ; LUT/Register LCs ; Carry Chain LCs ; Packed LCs ; Full Hierarchy Name                                                                   ; Library Name ;
+-------------------------------------------+-------------+--------------+-------------+------+------+--------------+--------------+-------------------+------------------+-----------------+------------+---------------------------------------------------------------------------------------+--------------+
; |main                                     ; 245 (30)    ; 85           ; 8192        ; 2    ; 41   ; 0            ; 160 (30)     ; 6 (0)             ; 79 (0)           ; 19 (0)          ; 14 (6)     ; |main                                                                                 ; work         ;
;    |161mux:inst94|                        ; 8 (8)       ; 0            ; 0           ; 0    ; 0    ; 0            ; 8 (8)        ; 0 (0)             ; 0 (0)            ; 0 (0)           ; 0 (0)      ; |main|161mux:inst94                                                                   ; work         ;
;    |161mux:inst96|                        ; 8 (8)       ; 0            ; 0           ; 0    ; 0    ; 0            ; 8 (8)        ; 0 (0)             ; 0 (0)            ; 0 (0)           ; 0 (0)      ; |main|161mux:inst96                                                                   ; work         ;
;    |161mux:inst97|                        ; 8 (8)       ; 0            ; 0           ; 0    ; 0    ; 0            ; 8 (8)        ; 0 (0)             ; 0 (0)            ; 0 (0)           ; 0 (0)      ; |main|161mux:inst97                                                                   ; work         ;
;    |161mux:inst98|                        ; 8 (8)       ; 0            ; 0           ; 0    ; 0    ; 0            ; 8 (8)        ; 0 (0)             ; 0 (0)            ; 0 (0)           ; 0 (0)      ; |main|161mux:inst98                                                                   ; work         ;
;    |74138:inst25|                         ; 8 (8)       ; 0            ; 0           ; 0    ; 0    ; 0            ; 8 (8)        ; 0 (0)             ; 0 (0)            ; 0 (0)           ; 0 (0)      ; |main|74138:inst25                                                                    ; work         ;
;    |74151:inst78|                         ; 4 (0)       ; 0            ; 0           ; 0    ; 0    ; 0            ; 4 (0)        ; 0 (0)             ; 0 (0)            ; 0 (0)           ; 0 (0)      ; |main|74151:inst78                                                                    ; work         ;
;       |f74151:sub|                        ; 4 (4)       ; 0            ; 0           ; 0    ; 0    ; 0            ; 4 (4)        ; 0 (0)             ; 0 (0)            ; 0 (0)           ; 0 (0)      ; |main|74151:inst78|f74151:sub                                                         ; work         ;
;    |74151:inst79|                         ; 4 (0)       ; 0            ; 0           ; 0    ; 0    ; 0            ; 4 (0)        ; 0 (0)             ; 0 (0)            ; 0 (0)           ; 0 (0)      ; |main|74151:inst79                                                                    ; work         ;
;       |f74151:sub|                        ; 4 (4)       ; 0            ; 0           ; 0    ; 0    ; 0            ; 4 (4)        ; 0 (0)             ; 0 (0)            ; 0 (0)           ; 0 (0)      ; |main|74151:inst79|f74151:sub                                                         ; work         ;
;    |74151:inst80|                         ; 4 (0)       ; 0            ; 0           ; 0    ; 0    ; 0            ; 4 (0)        ; 0 (0)             ; 0 (0)            ; 0 (0)           ; 0 (0)      ; |main|74151:inst80                                                                    ; work         ;
;       |f74151:sub|                        ; 4 (4)       ; 0            ; 0           ; 0    ; 0    ; 0            ; 4 (4)        ; 0 (0)             ; 0 (0)            ; 0 (0)           ; 0 (0)      ; |main|74151:inst80|f74151:sub                                                         ; work         ;
;    |74151:inst81|                         ; 4 (0)       ; 0            ; 0           ; 0    ; 0    ; 0            ; 4 (0)        ; 0 (0)             ; 0 (0)            ; 0 (0)           ; 0 (0)      ; |main|74151:inst81                                                                    ; work         ;
;       |f74151:sub|                        ; 4 (4)       ; 0            ; 0           ; 0    ; 0    ; 0            ; 4 (4)        ; 0 (0)             ; 0 (0)            ; 0 (0)           ; 0 (0)      ; |main|74151:inst81|f74151:sub                                                         ; work         ;
;    |74161:inst122|                        ; 4 (0)       ; 4            ; 0           ; 0    ; 0    ; 0            ; 0 (0)        ; 0 (0)             ; 4 (0)            ; 4 (0)           ; 0 (0)      ; |main|74161:inst122                                                                   ; work         ;
;       |f74161:sub|                        ; 4 (4)       ; 4            ; 0           ; 0    ; 0    ; 0            ; 0 (0)        ; 0 (0)             ; 4 (4)            ; 4 (4)           ; 0 (0)      ; |main|74161:inst122|f74161:sub                                                        ; work         ;
;    |74161:inst155|                        ; 4 (0)       ; 4            ; 0           ; 0    ; 0    ; 0            ; 0 (0)        ; 0 (0)             ; 4 (0)            ; 4 (0)           ; 0 (0)      ; |main|74161:inst155                                                                   ; work         ;
;       |f74161:sub|                        ; 4 (4)       ; 4            ; 0           ; 0    ; 0    ; 0            ; 0 (0)        ; 0 (0)             ; 4 (4)            ; 4 (4)           ; 0 (0)      ; |main|74161:inst155|f74161:sub                                                        ; work         ;
;    |74161:inst38|                         ; 3 (0)       ; 3            ; 0           ; 0    ; 0    ; 0            ; 0 (0)        ; 0 (0)             ; 3 (0)            ; 3 (0)           ; 0 (0)      ; |main|74161:inst38                                                                    ; work         ;
;       |f74161:sub|                        ; 3 (3)       ; 3            ; 0           ; 0    ; 0    ; 0            ; 0 (0)        ; 0 (0)             ; 3 (3)            ; 3 (3)           ; 0 (0)      ; |main|74161:inst38|f74161:sub                                                         ; work         ;
;    |74161:inst49|                         ; 4 (0)       ; 4            ; 0           ; 0    ; 0    ; 0            ; 0 (0)        ; 0 (0)             ; 4 (0)            ; 4 (0)           ; 0 (0)      ; |main|74161:inst49                                                                    ; work         ;
;       |f74161:sub|                        ; 4 (4)       ; 4            ; 0           ; 0    ; 0    ; 0            ; 0 (0)        ; 0 (0)             ; 4 (4)            ; 4 (4)           ; 0 (0)      ; |main|74161:inst49|f74161:sub                                                         ; work         ;
;    |74161:inst73|                         ; 5 (0)       ; 4            ; 0           ; 0    ; 0    ; 0            ; 1 (0)        ; 0 (0)             ; 4 (0)            ; 4 (0)           ; 0 (0)      ; |main|74161:inst73                                                                    ; work         ;
;       |f74161:sub|                        ; 5 (5)       ; 4            ; 0           ; 0    ; 0    ; 0            ; 1 (1)        ; 0 (0)             ; 4 (4)            ; 4 (4)           ; 0 (0)      ; |main|74161:inst73|f74161:sub                                                         ; work         ;
;    |74163:inst151|                        ; 8 (0)       ; 4            ; 0           ; 0    ; 0    ; 0            ; 4 (0)        ; 0 (0)             ; 4 (0)            ; 0 (0)           ; 0 (0)      ; |main|74163:inst151                                                                   ; work         ;
;       |f74163:sub|                        ; 8 (8)       ; 4            ; 0           ; 0    ; 0    ; 0            ; 4 (4)        ; 0 (0)             ; 4 (4)            ; 0 (0)           ; 0 (0)      ; |main|74163:inst151|f74163:sub                                                        ; work         ;
;    |74163:inst1|                          ; 7 (0)       ; 3            ; 0           ; 0    ; 0    ; 0            ; 4 (0)        ; 0 (0)             ; 3 (0)            ; 0 (0)           ; 0 (0)      ; |main|74163:inst1                                                                     ; work         ;
;       |f74163:sub|                        ; 7 (7)       ; 3            ; 0           ; 0    ; 0    ; 0            ; 4 (4)        ; 0 (0)             ; 3 (3)            ; 0 (0)           ; 0 (0)      ; |main|74163:inst1|f74163:sub                                                          ; work         ;
;    |74175:inst18|                         ; 4 (4)       ; 4            ; 0           ; 0    ; 0    ; 0            ; 0 (0)        ; 0 (0)             ; 4 (4)            ; 0 (0)           ; 0 (0)      ; |main|74175:inst18                                                                    ; work         ;
;    |74175:inst37|                         ; 2 (2)       ; 2            ; 0           ; 0    ; 0    ; 0            ; 0 (0)        ; 0 (0)             ; 2 (2)            ; 0 (0)           ; 0 (0)      ; |main|74175:inst37                                                                    ; work         ;
;    |74283:inst126|                        ; 2 (0)       ; 0            ; 0           ; 0    ; 0    ; 0            ; 2 (0)        ; 0 (0)             ; 0 (0)            ; 0 (0)           ; 0 (0)      ; |main|74283:inst126                                                                   ; work         ;
;       |f74283:sub|                        ; 2 (2)       ; 0            ; 0           ; 0    ; 0    ; 0            ; 2 (2)        ; 0 (0)             ; 0 (0)            ; 0 (0)           ; 0 (0)      ; |main|74283:inst126|f74283:sub                                                        ; work         ;
;    |74283:inst13|                         ; 2 (0)       ; 0            ; 0           ; 0    ; 0    ; 0            ; 2 (0)        ; 0 (0)             ; 0 (0)            ; 0 (0)           ; 0 (0)      ; |main|74283:inst13                                                                    ; work         ;
;       |f74283:sub|                        ; 2 (2)       ; 0            ; 0           ; 0    ; 0    ; 0            ; 2 (2)        ; 0 (0)             ; 0 (0)            ; 0 (0)           ; 0 (0)      ; |main|74283:inst13|f74283:sub                                                         ; work         ;
;    |74283:inst144|                        ; 1 (0)       ; 0            ; 0           ; 0    ; 0    ; 0            ; 1 (0)        ; 0 (0)             ; 0 (0)            ; 0 (0)           ; 0 (0)      ; |main|74283:inst144                                                                   ; work         ;
;       |f74283:sub|                        ; 1 (1)       ; 0            ; 0           ; 0    ; 0    ; 0            ; 1 (1)        ; 0 (0)             ; 0 (0)            ; 0 (0)           ; 0 (0)      ; |main|74283:inst144|f74283:sub                                                        ; work         ;
;    |FrequencyDivider:inst|                ; 31 (0)      ; 31           ; 0           ; 0    ; 0    ; 0            ; 0 (0)        ; 0 (0)             ; 31 (0)           ; 0 (0)           ; 0 (0)      ; |main|FrequencyDivider:inst                                                           ; work         ;
;       |7490:inst2|                        ; 4 (4)       ; 4            ; 0           ; 0    ; 0    ; 0            ; 0 (0)        ; 0 (0)             ; 4 (4)            ; 0 (0)           ; 0 (0)      ; |main|FrequencyDivider:inst|7490:inst2                                                ; work         ;
;       |7490:inst3|                        ; 4 (4)       ; 4            ; 0           ; 0    ; 0    ; 0            ; 0 (0)        ; 0 (0)             ; 4 (4)            ; 0 (0)           ; 0 (0)      ; |main|FrequencyDivider:inst|7490:inst3                                                ; work         ;
;       |7490:inst4|                        ; 4 (4)       ; 4            ; 0           ; 0    ; 0    ; 0            ; 0 (0)        ; 0 (0)             ; 4 (4)            ; 0 (0)           ; 0 (0)      ; |main|FrequencyDivider:inst|7490:inst4                                                ; work         ;
;       |7490:inst5|                        ; 3 (3)       ; 3            ; 0           ; 0    ; 0    ; 0            ; 0 (0)        ; 0 (0)             ; 3 (3)            ; 0 (0)           ; 0 (0)      ; |main|FrequencyDivider:inst|7490:inst5                                                ; work         ;
;       |7490:inst6|                        ; 4 (4)       ; 4            ; 0           ; 0    ; 0    ; 0            ; 0 (0)        ; 0 (0)             ; 4 (4)            ; 0 (0)           ; 0 (0)      ; |main|FrequencyDivider:inst|7490:inst6                                                ; work         ;
;       |7490:inst7|                        ; 4 (4)       ; 4            ; 0           ; 0    ; 0    ; 0            ; 0 (0)        ; 0 (0)             ; 4 (4)            ; 0 (0)           ; 0 (0)      ; |main|FrequencyDivider:inst|7490:inst7                                                ; work         ;
;       |7490:inst8|                        ; 4 (4)       ; 4            ; 0           ; 0    ; 0    ; 0            ; 0 (0)        ; 0 (0)             ; 4 (4)            ; 0 (0)           ; 0 (0)      ; |main|FrequencyDivider:inst|7490:inst8                                                ; work         ;
;       |7490:inst|                         ; 4 (4)       ; 4            ; 0           ; 0    ; 0    ; 0            ; 0 (0)        ; 0 (0)             ; 4 (4)            ; 0 (0)           ; 0 (0)      ; |main|FrequencyDivider:inst|7490:inst                                                 ; work         ;
;    |Key:inst125|                          ; 2 (0)       ; 2            ; 0           ; 0    ; 0    ; 0            ; 0 (0)        ; 0 (0)             ; 2 (0)            ; 0 (0)           ; 0 (0)      ; |main|Key:inst125                                                                     ; work         ;
;       |7474:inst|                         ; 2 (2)       ; 2            ; 0           ; 0    ; 0    ; 0            ; 0 (0)        ; 0 (0)             ; 2 (2)            ; 0 (0)           ; 0 (0)      ; |main|Key:inst125|7474:inst                                                           ; work         ;
;    |Key:inst137|                          ; 2 (0)       ; 2            ; 0           ; 0    ; 0    ; 0            ; 0 (0)        ; 0 (0)             ; 2 (0)            ; 0 (0)           ; 0 (0)      ; |main|Key:inst137                                                                     ; work         ;
;       |7474:inst|                         ; 2 (2)       ; 2            ; 0           ; 0    ; 0    ; 0            ; 0 (0)        ; 0 (0)             ; 2 (2)            ; 0 (0)           ; 0 (0)      ; |main|Key:inst137|7474:inst                                                           ; work         ;
;    |Key:inst139|                          ; 2 (0)       ; 2            ; 0           ; 0    ; 0    ; 0            ; 0 (0)        ; 1 (0)             ; 1 (0)            ; 0 (0)           ; 0 (0)      ; |main|Key:inst139                                                                     ; work         ;
;       |7474:inst|                         ; 2 (2)       ; 2            ; 0           ; 0    ; 0    ; 0            ; 0 (0)        ; 1 (1)             ; 1 (1)            ; 0 (0)           ; 0 (0)      ; |main|Key:inst139|7474:inst                                                           ; work         ;
;    |Key:inst159|                          ; 2 (0)       ; 2            ; 0           ; 0    ; 0    ; 0            ; 0 (0)        ; 1 (0)             ; 1 (0)            ; 0 (0)           ; 0 (0)      ; |main|Key:inst159                                                                     ; work         ;
;       |7474:inst|                         ; 2 (2)       ; 2            ; 0           ; 0    ; 0    ; 0            ; 0 (0)        ; 1 (1)             ; 1 (1)            ; 0 (0)           ; 0 (0)      ; |main|Key:inst159|7474:inst                                                           ; work         ;
;    |Key:inst160|                          ; 2 (0)       ; 2            ; 0           ; 0    ; 0    ; 0            ; 0 (0)        ; 1 (0)             ; 1 (0)            ; 0 (0)           ; 1 (1)      ; |main|Key:inst160                                                                     ; work         ;
;       |7474:inst|                         ; 2 (2)       ; 2            ; 0           ; 0    ; 0    ; 0            ; 0 (0)        ; 1 (1)             ; 1 (1)            ; 0 (0)           ; 0 (0)      ; |main|Key:inst160|7474:inst                                                           ; work         ;
;    |Key:inst161|                          ; 2 (0)       ; 2            ; 0           ; 0    ; 0    ; 0            ; 0 (0)        ; 1 (0)             ; 1 (0)            ; 0 (0)           ; 1 (1)      ; |main|Key:inst161                                                                     ; work         ;
;       |7474:inst|                         ; 2 (2)       ; 2            ; 0           ; 0    ; 0    ; 0            ; 0 (0)        ; 1 (1)             ; 1 (1)            ; 0 (0)           ; 0 (0)      ; |main|Key:inst161|7474:inst                                                           ; work         ;
;    |Key:inst169|                          ; 3 (1)       ; 2            ; 0           ; 0    ; 0    ; 0            ; 1 (1)        ; 1 (0)             ; 1 (0)            ; 0 (0)           ; 0 (0)      ; |main|Key:inst169                                                                     ; work         ;
;       |7474:inst|                         ; 2 (2)       ; 2            ; 0           ; 0    ; 0    ; 0            ; 0 (0)        ; 1 (1)             ; 1 (1)            ; 0 (0)           ; 0 (0)      ; |main|Key:inst169|7474:inst                                                           ; work         ;
;    |Key:inst28|                           ; 2 (0)       ; 2            ; 0           ; 0    ; 0    ; 0            ; 0 (0)        ; 1 (0)             ; 1 (0)            ; 0 (0)           ; 0 (0)      ; |main|Key:inst28                                                                      ; work         ;
;       |7474:inst|                         ; 2 (2)       ; 2            ; 0           ; 0    ; 0    ; 0            ; 0 (0)        ; 1 (1)             ; 1 (1)            ; 0 (0)           ; 0 (0)      ; |main|Key:inst28|7474:inst                                                            ; work         ;
;    |Key:inst50|                           ; 2 (0)       ; 2            ; 0           ; 0    ; 0    ; 0            ; 0 (0)        ; 0 (0)             ; 2 (0)            ; 0 (0)           ; 1 (1)      ; |main|Key:inst50                                                                      ; work         ;
;       |7474:inst|                         ; 2 (2)       ; 2            ; 0           ; 0    ; 0    ; 0            ; 0 (0)        ; 0 (0)             ; 2 (2)            ; 0 (0)           ; 0 (0)      ; |main|Key:inst50|7474:inst                                                            ; work         ;
;    |Key:inst54|                           ; 2 (0)       ; 2            ; 0           ; 0    ; 0    ; 0            ; 0 (0)        ; 0 (0)             ; 2 (0)            ; 0 (0)           ; 1 (1)      ; |main|Key:inst54                                                                      ; work         ;
;       |7474:inst|                         ; 2 (2)       ; 2            ; 0           ; 0    ; 0    ; 0            ; 0 (0)        ; 0 (0)             ; 2 (2)            ; 0 (0)           ; 0 (0)      ; |main|Key:inst54|7474:inst                                                            ; work         ;
;    |Key:inst77|                           ; 2 (0)       ; 2            ; 0           ; 0    ; 0    ; 0            ; 0 (0)        ; 0 (0)             ; 2 (0)            ; 0 (0)           ; 0 (0)      ; |main|Key:inst77                                                                      ; work         ;
;       |7474:inst|                         ; 2 (2)       ; 2            ; 0           ; 0    ; 0    ; 0            ; 0 (0)        ; 0 (0)             ; 2 (2)            ; 0 (0)           ; 0 (0)      ; |main|Key:inst77|7474:inst                                                            ; work         ;
;    |busmux:inst103|                       ; 2 (0)       ; 0            ; 0           ; 0    ; 0    ; 0            ; 2 (0)        ; 0 (0)             ; 0 (0)            ; 0 (0)           ; 0 (0)      ; |main|busmux:inst103                                                                  ; work         ;
;       |lpm_mux:$00000|                    ; 2 (0)       ; 0            ; 0           ; 0    ; 0    ; 0            ; 2 (0)        ; 0 (0)             ; 0 (0)            ; 0 (0)           ; 0 (0)      ; |main|busmux:inst103|lpm_mux:$00000                                                   ; work         ;
;          |mux_3fc:auto_generated|         ; 2 (2)       ; 0            ; 0           ; 0    ; 0    ; 0            ; 2 (2)        ; 0 (0)             ; 0 (0)            ; 0 (0)           ; 0 (0)      ; |main|busmux:inst103|lpm_mux:$00000|mux_3fc:auto_generated                            ; work         ;
;    |busmux:inst104|                       ; 2 (0)       ; 0            ; 0           ; 0    ; 0    ; 0            ; 2 (0)        ; 0 (0)             ; 0 (0)            ; 0 (0)           ; 0 (0)      ; |main|busmux:inst104                                                                  ; work         ;
;       |lpm_mux:$00000|                    ; 2 (0)       ; 0            ; 0           ; 0    ; 0    ; 0            ; 2 (0)        ; 0 (0)             ; 0 (0)            ; 0 (0)           ; 0 (0)      ; |main|busmux:inst104|lpm_mux:$00000                                                   ; work         ;
;          |mux_3fc:auto_generated|         ; 2 (2)       ; 0            ; 0           ; 0    ; 0    ; 0            ; 2 (2)        ; 0 (0)             ; 0 (0)            ; 0 (0)           ; 0 (0)      ; |main|busmux:inst104|lpm_mux:$00000|mux_3fc:auto_generated                            ; work         ;
;    |busmux:inst105|                       ; 2 (0)       ; 0            ; 0           ; 0    ; 0    ; 0            ; 2 (0)        ; 0 (0)             ; 0 (0)            ; 0 (0)           ; 0 (0)      ; |main|busmux:inst105                                                                  ; work         ;
;       |lpm_mux:$00000|                    ; 2 (0)       ; 0            ; 0           ; 0    ; 0    ; 0            ; 2 (0)        ; 0 (0)             ; 0 (0)            ; 0 (0)           ; 0 (0)      ; |main|busmux:inst105|lpm_mux:$00000                                                   ; work         ;
;          |mux_3fc:auto_generated|         ; 2 (2)       ; 0            ; 0           ; 0    ; 0    ; 0            ; 2 (2)        ; 0 (0)             ; 0 (0)            ; 0 (0)           ; 0 (0)      ; |main|busmux:inst105|lpm_mux:$00000|mux_3fc:auto_generated                            ; work         ;
;    |busmux:inst106|                       ; 2 (0)       ; 0            ; 0           ; 0    ; 0    ; 0            ; 2 (0)        ; 0 (0)             ; 0 (0)            ; 0 (0)           ; 0 (0)      ; |main|busmux:inst106                                                                  ; work         ;
;       |lpm_mux:$00000|                    ; 2 (0)       ; 0            ; 0           ; 0    ; 0    ; 0            ; 2 (0)        ; 0 (0)             ; 0 (0)            ; 0 (0)           ; 0 (0)      ; |main|busmux:inst106|lpm_mux:$00000                                                   ; work         ;
;          |mux_3fc:auto_generated|         ; 2 (2)       ; 0            ; 0           ; 0    ; 0    ; 0            ; 2 (2)        ; 0 (0)             ; 0 (0)            ; 0 (0)           ; 0 (0)      ; |main|busmux:inst106|lpm_mux:$00000|mux_3fc:auto_generated                            ; work         ;
;    |busmux:inst107|                       ; 2 (0)       ; 0            ; 0           ; 0    ; 0    ; 0            ; 2 (0)        ; 0 (0)             ; 0 (0)            ; 0 (0)           ; 0 (0)      ; |main|busmux:inst107                                                                  ; work         ;
;       |lpm_mux:$00000|                    ; 2 (0)       ; 0            ; 0           ; 0    ; 0    ; 0            ; 2 (0)        ; 0 (0)             ; 0 (0)            ; 0 (0)           ; 0 (0)      ; |main|busmux:inst107|lpm_mux:$00000                                                   ; work         ;
;          |mux_3fc:auto_generated|         ; 2 (2)       ; 0            ; 0           ; 0    ; 0    ; 0            ; 2 (2)        ; 0 (0)             ; 0 (0)            ; 0 (0)           ; 0 (0)      ; |main|busmux:inst107|lpm_mux:$00000|mux_3fc:auto_generated                            ; work         ;
;    |busmux:inst112|                       ; 33 (0)      ; 0            ; 0           ; 0    ; 0    ; 0            ; 33 (0)       ; 0 (0)             ; 0 (0)            ; 0 (0)           ; 1 (0)      ; |main|busmux:inst112                                                                  ; work         ;
;       |lpm_mux:$00000|                    ; 33 (0)      ; 0            ; 0           ; 0    ; 0    ; 0            ; 33 (0)       ; 0 (0)             ; 0 (0)            ; 0 (0)           ; 1 (0)      ; |main|busmux:inst112|lpm_mux:$00000                                                   ; work         ;
;          |mux_pgc:auto_generated|         ; 33 (33)     ; 0            ; 0           ; 0    ; 0    ; 0            ; 33 (33)      ; 0 (0)             ; 0 (0)            ; 0 (0)           ; 1 (1)      ; |main|busmux:inst112|lpm_mux:$00000|mux_pgc:auto_generated                            ; work         ;
;    |busmux:inst129|                       ; 3 (0)       ; 0            ; 0           ; 0    ; 0    ; 0            ; 3 (0)        ; 0 (0)             ; 0 (0)            ; 0 (0)           ; 1 (0)      ; |main|busmux:inst129                                                                  ; work         ;
;       |lpm_mux:$00000|                    ; 3 (0)       ; 0            ; 0           ; 0    ; 0    ; 0            ; 3 (0)        ; 0 (0)             ; 0 (0)            ; 0 (0)           ; 1 (0)      ; |main|busmux:inst129|lpm_mux:$00000                                                   ; work         ;
;          |mux_5fc:auto_generated|         ; 3 (3)       ; 0            ; 0           ; 0    ; 0    ; 0            ; 3 (3)        ; 0 (0)             ; 0 (0)            ; 0 (0)           ; 1 (1)      ; |main|busmux:inst129|lpm_mux:$00000|mux_5fc:auto_generated                            ; work         ;
;    |busmux:inst140|                       ; 5 (0)       ; 0            ; 0           ; 0    ; 0    ; 0            ; 5 (0)        ; 0 (0)             ; 0 (0)            ; 0 (0)           ; 0 (0)      ; |main|busmux:inst140                                                                  ; work         ;
;       |lpm_mux:$00000|                    ; 5 (0)       ; 0            ; 0           ; 0    ; 0    ; 0            ; 5 (0)        ; 0 (0)             ; 0 (0)            ; 0 (0)           ; 0 (0)      ; |main|busmux:inst140|lpm_mux:$00000                                                   ; work         ;
;          |mux_5fc:auto_generated|         ; 5 (5)       ; 0            ; 0           ; 0    ; 0    ; 0            ; 5 (5)        ; 0 (0)             ; 0 (0)            ; 0 (0)           ; 0 (0)      ; |main|busmux:inst140|lpm_mux:$00000|mux_5fc:auto_generated                            ; work         ;
;    |busmux:inst162|                       ; 2 (0)       ; 0            ; 0           ; 0    ; 0    ; 0            ; 2 (0)        ; 0 (0)             ; 0 (0)            ; 0 (0)           ; 2 (0)      ; |main|busmux:inst162                                                                  ; work         ;
;       |lpm_mux:$00000|                    ; 2 (0)       ; 0            ; 0           ; 0    ; 0    ; 0            ; 2 (0)        ; 0 (0)             ; 0 (0)            ; 0 (0)           ; 2 (0)      ; |main|busmux:inst162|lpm_mux:$00000                                                   ; work         ;
;          |mux_6fc:auto_generated|         ; 2 (2)       ; 0            ; 0           ; 0    ; 0    ; 0            ; 2 (2)        ; 0 (0)             ; 0 (0)            ; 0 (0)           ; 2 (2)      ; |main|busmux:inst162|lpm_mux:$00000|mux_6fc:auto_generated                            ; work         ;
;    |busmux:inst53|                        ; 2 (0)       ; 0            ; 0           ; 0    ; 0    ; 0            ; 2 (0)        ; 0 (0)             ; 0 (0)            ; 0 (0)           ; 0 (0)      ; |main|busmux:inst53                                                                   ; work         ;
;       |lpm_mux:$00000|                    ; 2 (0)       ; 0            ; 0           ; 0    ; 0    ; 0            ; 2 (0)        ; 0 (0)             ; 0 (0)            ; 0 (0)           ; 0 (0)      ; |main|busmux:inst53|lpm_mux:$00000                                                    ; work         ;
;          |mux_3fc:auto_generated|         ; 2 (2)       ; 0            ; 0           ; 0    ; 0    ; 0            ; 2 (2)        ; 0 (0)             ; 0 (0)            ; 0 (0)           ; 0 (0)      ; |main|busmux:inst53|lpm_mux:$00000|mux_3fc:auto_generated                             ; work         ;
;    |busmux:inst55|                        ; 2 (0)       ; 0            ; 0           ; 0    ; 0    ; 0            ; 2 (0)        ; 0 (0)             ; 0 (0)            ; 0 (0)           ; 0 (0)      ; |main|busmux:inst55                                                                   ; work         ;
;       |lpm_mux:$00000|                    ; 2 (0)       ; 0            ; 0           ; 0    ; 0    ; 0            ; 2 (0)        ; 0 (0)             ; 0 (0)            ; 0 (0)           ; 0 (0)      ; |main|busmux:inst55|lpm_mux:$00000                                                    ; work         ;
;          |mux_3fc:auto_generated|         ; 2 (2)       ; 0            ; 0           ; 0    ; 0    ; 0            ; 2 (2)        ; 0 (0)             ; 0 (0)            ; 0 (0)           ; 0 (0)      ; |main|busmux:inst55|lpm_mux:$00000|mux_3fc:auto_generated                             ; work         ;
;    |busmux:inst72|                        ; 2 (0)       ; 0            ; 0           ; 0    ; 0    ; 0            ; 2 (0)        ; 0 (0)             ; 0 (0)            ; 0 (0)           ; 0 (0)      ; |main|busmux:inst72                                                                   ; work         ;
;       |lpm_mux:$00000|                    ; 2 (0)       ; 0            ; 0           ; 0    ; 0    ; 0            ; 2 (0)        ; 0 (0)             ; 0 (0)            ; 0 (0)           ; 0 (0)      ; |main|busmux:inst72|lpm_mux:$00000                                                    ; work         ;
;          |mux_3fc:auto_generated|         ; 2 (2)       ; 0            ; 0           ; 0    ; 0    ; 0            ; 2 (2)        ; 0 (0)             ; 0 (0)            ; 0 (0)           ; 0 (0)      ; |main|busmux:inst72|lpm_mux:$00000|mux_3fc:auto_generated                             ; work         ;
;    |lpm_rom0:inst17|                      ; 0 (0)       ; 0            ; 2048        ; 0    ; 0    ; 0            ; 0 (0)        ; 0 (0)             ; 0 (0)            ; 0 (0)           ; 0 (0)      ; |main|lpm_rom0:inst17                                                                 ; work         ;
;       |altsyncram:altsyncram_component|   ; 0 (0)       ; 0            ; 2048        ; 0    ; 0    ; 0            ; 0 (0)        ; 0 (0)             ; 0 (0)            ; 0 (0)           ; 0 (0)      ; |main|lpm_rom0:inst17|altsyncram:altsyncram_component                                 ; work         ;
;          |altsyncram_v231:auto_generated| ; 0 (0)       ; 0            ; 2048        ; 0    ; 0    ; 0            ; 0 (0)        ; 0 (0)             ; 0 (0)            ; 0 (0)           ; 0 (0)      ; |main|lpm_rom0:inst17|altsyncram:altsyncram_component|altsyncram_v231:auto_generated  ; work         ;
;    |lpm_rom1:inst48|                      ; 0 (0)       ; 0            ; 2048        ; 0    ; 0    ; 0            ; 0 (0)        ; 0 (0)             ; 0 (0)            ; 0 (0)           ; 0 (0)      ; |main|lpm_rom1:inst48                                                                 ; work         ;
;       |altsyncram:altsyncram_component|   ; 0 (0)       ; 0            ; 2048        ; 0    ; 0    ; 0            ; 0 (0)        ; 0 (0)             ; 0 (0)            ; 0 (0)           ; 0 (0)      ; |main|lpm_rom1:inst48|altsyncram:altsyncram_component                                 ; work         ;
;          |altsyncram_sm31:auto_generated| ; 0 (0)       ; 0            ; 2048        ; 0    ; 0    ; 0            ; 0 (0)        ; 0 (0)             ; 0 (0)            ; 0 (0)           ; 0 (0)      ; |main|lpm_rom1:inst48|altsyncram:altsyncram_component|altsyncram_sm31:auto_generated  ; work         ;
;    |lpm_rom2:inst51|                      ; 0 (0)       ; 0            ; 2048        ; 2    ; 0    ; 0            ; 0 (0)        ; 0 (0)             ; 0 (0)            ; 0 (0)           ; 0 (0)      ; |main|lpm_rom2:inst51                                                                 ; work         ;
;       |altsyncram:altsyncram_component|   ; 0 (0)       ; 0            ; 2048        ; 2    ; 0    ; 0            ; 0 (0)        ; 0 (0)             ; 0 (0)            ; 0 (0)           ; 0 (0)      ; |main|lpm_rom2:inst51|altsyncram:altsyncram_component                                 ; work         ;
;          |altsyncram_tq21:auto_generated| ; 0 (0)       ; 0            ; 2048        ; 2    ; 0    ; 0            ; 0 (0)        ; 0 (0)             ; 0 (0)            ; 0 (0)           ; 0 (0)      ; |main|lpm_rom2:inst51|altsyncram:altsyncram_component|altsyncram_tq21:auto_generated  ; work         ;
;    |lpm_rom3:inst152|                     ; 0 (0)       ; 0            ; 2048        ; 0    ; 0    ; 0            ; 0 (0)        ; 0 (0)             ; 0 (0)            ; 0 (0)           ; 0 (0)      ; |main|lpm_rom3:inst152                                                                ; work         ;
;       |altsyncram:altsyncram_component|   ; 0 (0)       ; 0            ; 2048        ; 0    ; 0    ; 0            ; 0 (0)        ; 0 (0)             ; 0 (0)            ; 0 (0)           ; 0 (0)      ; |main|lpm_rom3:inst152|altsyncram:altsyncram_component                                ; work         ;
;          |altsyncram_j031:auto_generated| ; 0 (0)       ; 0            ; 2048        ; 0    ; 0    ; 0            ; 0 (0)        ; 0 (0)             ; 0 (0)            ; 0 (0)           ; 0 (0)      ; |main|lpm_rom3:inst152|altsyncram:altsyncram_component|altsyncram_j031:auto_generated ; work         ;
+-------------------------------------------+-------------+--------------+-------------+------+------+--------------+--------------+-------------------+------------------+-----------------+------------+---------------------------------------------------------------------------------------+--------------+
Note: For table entries with two numbers listed, the numbers in parentheses indicate the number of resources of the given type used by the specific entity alone. The numbers listed outside of parentheses indicate the total resources of the given type used by the specific entity and all of its sub-entities in the hierarchy.


+--------------------------------------------------------------------------------+
; Delay Chain Summary                                                            ;
+-------+----------+---------------+---------------+-----------------------+-----+
; Name  ; Pin Type ; Pad to Core 0 ; Pad to Core 1 ; Pad to Input Register ; TCO ;
+-------+----------+---------------+---------------+-----------------------+-----+
; DE1   ; Output   ; --            ; --            ; --                    ; --  ;
; DE2   ; Output   ; --            ; --            ; --                    ; --  ;
; DE3   ; Output   ; --            ; --            ; --                    ; --  ;
; ACOM  ; Output   ; --            ; --            ; --                    ; --  ;
; LED12 ; Output   ; --            ; --            ; --                    ; --  ;
; ROW1  ; Output   ; --            ; --            ; --                    ; --  ;
; ROW2  ; Output   ; --            ; --            ; --                    ; --  ;
; ROW3  ; Output   ; --            ; --            ; --                    ; --  ;
; ROW4  ; Output   ; --            ; --            ; --                    ; --  ;
; ROW5  ; Output   ; --            ; --            ; --                    ; --  ;
; ROW6  ; Output   ; --            ; --            ; --                    ; --  ;
; ROW7  ; Output   ; --            ; --            ; --                    ; --  ;
; ROW8  ; Output   ; --            ; --            ; --                    ; --  ;
; C1    ; Output   ; --            ; --            ; --                    ; --  ;
; C2    ; Output   ; --            ; --            ; --                    ; --  ;
; C3    ; Output   ; --            ; --            ; --                    ; --  ;
; C4    ; Output   ; --            ; --            ; --                    ; --  ;
; C5    ; Output   ; --            ; --            ; --                    ; --  ;
; C6    ; Output   ; --            ; --            ; --                    ; --  ;
; C7    ; Output   ; --            ; --            ; --                    ; --  ;
; C8    ; Output   ; --            ; --            ; --                    ; --  ;
; sound ; Output   ; --            ; --            ; --                    ; --  ;
; CG1   ; Output   ; --            ; --            ; --                    ; --  ;
; CG2   ; Output   ; --            ; --            ; --                    ; --  ;
; CG3   ; Output   ; --            ; --            ; --                    ; --  ;
; CG4   ; Output   ; --            ; --            ; --                    ; --  ;
; CG5   ; Output   ; --            ; --            ; --                    ; --  ;
; CG6   ; Output   ; --            ; --            ; --                    ; --  ;
; CG7   ; Output   ; --            ; --            ; --                    ; --  ;
; CG8   ; Output   ; --            ; --            ; --                    ; --  ;
; SW1   ; Input    ; ON            ; ON            ; --                    ; --  ;
; OSC   ; Input    ; OFF           ; OFF           ; --                    ; --  ;
; SW8   ; Input    ; ON            ; ON            ; --                    ; --  ;
; SW7   ; Input    ; ON            ; ON            ; --                    ; --  ;
; SW4   ; Input    ; ON            ; ON            ; --                    ; --  ;
; SW2   ; Input    ; ON            ; ON            ; --                    ; --  ;
; SW5   ; Input    ; ON            ; ON            ; --                    ; --  ;
; SW3   ; Input    ; ON            ; ON            ; --                    ; --  ;
; PK3_  ; Input    ; ON            ; ON            ; --                    ; --  ;
; PK2_  ; Input    ; ON            ; ON            ; --                    ; --  ;
; PK1_  ; Input    ; ON            ; ON            ; --                    ; --  ;
+-------+----------+---------------+---------------+-----------------------+-----+


+--------------------------------------------------------------+
; Pad To Core Delay Chain Fanout                               ;
+--------------------------------+-------------------+---------+
; Source Pin / Fanout            ; Pad To Core Index ; Setting ;
+--------------------------------+-------------------+---------+
; SW1                            ;                   ;         ;
;      - Key:inst54|7474:inst|9  ; 1                 ; ON      ;
; OSC                            ;                   ;         ;
; SW8                            ;                   ;         ;
;      - Key:inst50|7474:inst|9  ; 0                 ; ON      ;
; SW7                            ;                   ;         ;
;      - Key:inst137|7474:inst|9 ; 1                 ; ON      ;
; SW4                            ;                   ;         ;
;      - Key:inst125|7474:inst|9 ; 0                 ; ON      ;
; SW2                            ;                   ;         ;
;      - Key:inst28|7474:inst|9  ; 1                 ; ON      ;
; SW5                            ;                   ;         ;
;      - Key:inst77|7474:inst|9  ; 0                 ; ON      ;
;      - Key:inst139|7474:inst|9 ; 0                 ; ON      ;
; SW3                            ;                   ;         ;
;      - Key:inst77|7474:inst|9  ; 1                 ; ON      ;
; PK3_                           ;                   ;         ;
;      - Key:inst161|7474:inst|9 ; 0                 ; ON      ;
; PK2_                           ;                   ;         ;
;      - Key:inst160|7474:inst|9 ; 0                 ; ON      ;
; PK1_                           ;                   ;         ;
;      - Key:inst159|7474:inst|9 ; 0                 ; ON      ;
+--------------------------------+-------------------+---------+


+---------------------------------------------------------------------------------------------------------------------------------+
; Control Signals                                                                                                                 ;
+-------------------------------------+---------------+---------+--------------+--------+----------------------+------------------+
; Name                                ; Location      ; Fan-Out ; Usage        ; Global ; Global Resource Used ; Global Line Name ;
+-------------------------------------+---------------+---------+--------------+--------+----------------------+------------------+
; FrequencyDivider:inst|7490:inst2|19 ; LC_X26_Y5_N7  ; 2       ; Clock        ; no     ; --                   ; --               ;
; FrequencyDivider:inst|7490:inst2|7  ; LC_X26_Y5_N2  ; 10      ; Clock        ; yes    ; Global Clock         ; GCLK5            ;
; FrequencyDivider:inst|7490:inst3|19 ; LC_X24_Y6_N7  ; 2       ; Clock        ; no     ; --                   ; --               ;
; FrequencyDivider:inst|7490:inst3|7  ; LC_X24_Y6_N2  ; 4       ; Clock        ; yes    ; Global Clock         ; GCLK6            ;
; FrequencyDivider:inst|7490:inst4|19 ; LC_X8_Y6_N7   ; 2       ; Clock        ; no     ; --                   ; --               ;
; FrequencyDivider:inst|7490:inst4|7  ; LC_X8_Y6_N0   ; 22      ; Clock        ; yes    ; Global Clock         ; GCLK1            ;
; FrequencyDivider:inst|7490:inst5|19 ; LC_X9_Y6_N5   ; 5       ; Clock        ; yes    ; Global Clock         ; GCLK3            ;
; FrequencyDivider:inst|7490:inst6|19 ; LC_X24_Y5_N5  ; 2       ; Clock        ; no     ; --                   ; --               ;
; FrequencyDivider:inst|7490:inst6|7  ; LC_X25_Y5_N6  ; 4       ; Clock        ; no     ; --                   ; --               ;
; FrequencyDivider:inst|7490:inst7|19 ; LC_X25_Y5_N2  ; 2       ; Clock        ; no     ; --                   ; --               ;
; FrequencyDivider:inst|7490:inst7|7  ; LC_X25_Y6_N6  ; 4       ; Clock        ; no     ; --                   ; --               ;
; FrequencyDivider:inst|7490:inst8|19 ; LC_X25_Y6_N2  ; 2       ; Clock        ; no     ; --                   ; --               ;
; FrequencyDivider:inst|7490:inst8|7  ; LC_X26_Y6_N3  ; 21      ; Clock        ; yes    ; Global Clock         ; GCLK4            ;
; FrequencyDivider:inst|7490:inst|19  ; LC_X8_Y7_N2   ; 2       ; Clock        ; no     ; --                   ; --               ;
; FrequencyDivider:inst|7490:inst|7   ; LC_X8_Y7_N6   ; 8       ; Clock        ; yes    ; Global Clock         ; GCLK0            ;
; Key:inst169|inst1                   ; LC_X26_Y7_N5  ; 4       ; Clock        ; yes    ; Global Clock         ; GCLK7            ;
; OSC                                 ; PIN_16        ; 5       ; Clock        ; yes    ; Global Clock         ; GCLK2            ;
; inst123                             ; LC_X10_Y11_N5 ; 4       ; Async. clear ; no     ; --                   ; --               ;
; inst14~0                            ; LC_X10_Y10_N6 ; 3       ; Async. clear ; no     ; --                   ; --               ;
; inst158                             ; LC_X12_Y9_N1  ; 4       ; Async. clear ; no     ; --                   ; --               ;
; inst164                             ; LC_X12_Y6_N3  ; 9       ; Clock        ; no     ; --                   ; --               ;
; inst33                              ; LC_X10_Y11_N7 ; 4       ; Async. clear ; no     ; --                   ; --               ;
; inst76~0                            ; LC_X19_Y6_N5  ; 4       ; Async. clear ; no     ; --                   ; --               ;
+-------------------------------------+---------------+---------+--------------+--------+----------------------+------------------+


+--------------------------------------------------------------------------------------------------------+
; Global & Other Fast Signals                                                                            ;
+-------------------------------------+--------------+---------+----------------------+------------------+
; Name                                ; Location     ; Fan-Out ; Global Resource Used ; Global Line Name ;
+-------------------------------------+--------------+---------+----------------------+------------------+
; FrequencyDivider:inst|7490:inst2|7  ; LC_X26_Y5_N2 ; 10      ; Global Clock         ; GCLK5            ;
; FrequencyDivider:inst|7490:inst3|7  ; LC_X24_Y6_N2 ; 4       ; Global Clock         ; GCLK6            ;
; FrequencyDivider:inst|7490:inst4|7  ; LC_X8_Y6_N0  ; 22      ; Global Clock         ; GCLK1            ;
; FrequencyDivider:inst|7490:inst5|19 ; LC_X9_Y6_N5  ; 5       ; Global Clock         ; GCLK3            ;
; FrequencyDivider:inst|7490:inst8|7  ; LC_X26_Y6_N3 ; 21      ; Global Clock         ; GCLK4            ;
; FrequencyDivider:inst|7490:inst|7   ; LC_X8_Y7_N6  ; 8       ; Global Clock         ; GCLK0            ;
; Key:inst169|inst1                   ; LC_X26_Y7_N5 ; 4       ; Global Clock         ; GCLK7            ;
; OSC                                 ; PIN_16       ; 5       ; Global Clock         ; GCLK2            ;
+-------------------------------------+--------------+---------+----------------------+------------------+


+-----------------------------------------------------------------------------------+
; Non-Global High Fan-Out Signals                                                   ;
+-------------------------------------------------------------------------+---------+
; Name                                                                    ; Fan-Out ;
+-------------------------------------------------------------------------+---------+
; 74163:inst151|f74163:sub|34                                             ; 36      ;
; busmux:inst112|lpm_mux:$00000|mux_pgc:auto_generated|result_node[12]~33 ; 24      ;
; busmux:inst112|lpm_mux:$00000|mux_pgc:auto_generated|result_node[12]~32 ; 24      ;
; 74163:inst151|f74163:sub|111                                            ; 19      ;
; busmux:inst129|lpm_mux:$00000|mux_5fc:auto_generated|result_node[1]~8   ; 16      ;
; 74163:inst151|f74163:sub|134                                            ; 15      ;
; 74163:inst151|f74163:sub|122                                            ; 14      ;
; 74161:inst73|f74161:sub|9                                               ; 12      ;
; Key:inst50|inst1                                                        ; 10      ;
; Key:inst54|inst1                                                        ; 10      ;
; inst164                                                                 ; 9       ;
; busmux:inst129|lpm_mux:$00000|mux_5fc:auto_generated|result_node[2]~9   ; 9       ;
; inst64~12                                                               ; 8       ;
; inst64~11                                                               ; 8       ;
; busmux:inst140|lpm_mux:$00000|mux_5fc:auto_generated|result_node[1]~13  ; 8       ;
; busmux:inst140|lpm_mux:$00000|mux_5fc:auto_generated|result_node[2]~12  ; 8       ;
; busmux:inst140|lpm_mux:$00000|mux_5fc:auto_generated|result_node[0]~10  ; 8       ;
; busmux:inst112|lpm_mux:$00000|mux_pgc:auto_generated|result_node[1]~57  ; 8       ;
; busmux:inst112|lpm_mux:$00000|mux_pgc:auto_generated|result_node[3]~55  ; 8       ;
; busmux:inst112|lpm_mux:$00000|mux_pgc:auto_generated|result_node[0]~53  ; 8       ;
; busmux:inst112|lpm_mux:$00000|mux_pgc:auto_generated|result_node[2]~51  ; 8       ;
; busmux:inst112|lpm_mux:$00000|mux_pgc:auto_generated|result_node[5]~49  ; 8       ;
; busmux:inst112|lpm_mux:$00000|mux_pgc:auto_generated|result_node[7]~47  ; 8       ;
; busmux:inst112|lpm_mux:$00000|mux_pgc:auto_generated|result_node[4]~45  ; 8       ;
; busmux:inst112|lpm_mux:$00000|mux_pgc:auto_generated|result_node[6]~43  ; 8       ;
; busmux:inst140|lpm_mux:$00000|mux_5fc:auto_generated|result_node[1]~9   ; 8       ;
; 74161:inst38|f74161:sub|87                                              ; 8       ;
; Key:inst137|7474:inst|9                                                 ; 7       ;
; 74161:inst38|f74161:sub|9                                               ; 7       ;
; Key:inst137|7474:inst|10                                                ; 6       ;
; inst142~1                                                               ; 5       ;
; 74161:inst38|f74161:sub|99                                              ; 5       ;
; FrequencyDivider:inst|7490:inst6|7                                      ; 4       ;
; FrequencyDivider:inst|7490:inst7|7                                      ; 4       ;
; inst123                                                                 ; 4       ;
; inst158                                                                 ; 4       ;
; inst33                                                                  ; 4       ;
; inst76~0                                                                ; 4       ;
; busmux:inst129|lpm_mux:$00000|mux_5fc:auto_generated|result_node[1]~11  ; 4       ;
; inst115                                                                 ; 4       ;
; 74163:inst1|f74163:sub|111                                              ; 4       ;
; 74163:inst1|f74163:sub|34                                               ; 4       ;
; 74151:inst81|f74151:sub|78~1                                            ; 4       ;
; 74151:inst81|f74151:sub|77~1                                            ; 4       ;
; 74151:inst80|f74151:sub|78~1                                            ; 4       ;
; 74151:inst80|f74151:sub|77~1                                            ; 4       ;
; 74151:inst79|f74151:sub|78~1                                            ; 4       ;
; 74151:inst79|f74151:sub|77~1                                            ; 4       ;
; 74151:inst78|f74151:sub|78~1                                            ; 4       ;
; 74151:inst78|f74151:sub|77~1                                            ; 4       ;
+-------------------------------------------------------------------------+---------+


+-----------------------------------------------------------------------------------------------------------------------------------------------------------------------------------------------------------------------------------------------------------------------------------------------------------------------------------------------------------------------------------------------------------------------------------------------------------------------------------------------------+
; Fitter RAM Summary                                                                                                                                                                                                                                                                                                                                                                                                                                                                                  ;
+--------------------------------------------------------------------------------------------+------+------+--------------+--------------+--------------+--------------+--------------+------------------------+-------------------------+------------------------+-------------------------+------+-----------------------------+-----------------------------+-----------------------------+-----------------------------+---------------------+------+-------------------+-------------------------+
; Name                                                                                       ; Type ; Mode ; Clock Mode   ; Port A Depth ; Port A Width ; Port B Depth ; Port B Width ; Port A Input Registers ; Port A Output Registers ; Port B Input Registers ; Port B Output Registers ; Size ; Implementation Port A Depth ; Implementation Port A Width ; Implementation Port B Depth ; Implementation Port B Width ; Implementation Bits ; M4Ks ; MIF               ; Location                ;
+--------------------------------------------------------------------------------------------+------+------+--------------+--------------+--------------+--------------+--------------+------------------------+-------------------------+------------------------+-------------------------+------+-----------------------------+-----------------------------+-----------------------------+-----------------------------+---------------------+------+-------------------+-------------------------+
; lpm_rom0:inst17|altsyncram:altsyncram_component|altsyncram_v231:auto_generated|ALTSYNCRAM  ; AUTO ; ROM  ; Single Clock ; 128          ; 16           ; --           ; --           ; yes                    ; yes                     ; --                     ; --                      ; 2048 ; 128                         ; 16                          ; --                          ; --                          ; 2048                ; 2    ; Data_16.mif       ; M4K_X13_Y9, M4K_X13_Y10 ;
; lpm_rom1:inst48|altsyncram:altsyncram_component|altsyncram_sm31:auto_generated|ALTSYNCRAM  ; AUTO ; ROM  ; Single Clock ; 128          ; 16           ; --           ; --           ; yes                    ; yes                     ; --                     ; --                      ; 2048 ; 128                         ; 16                          ; --                          ; --                          ; 2048                ; 2    ; Data_Shift_16.mif ; M4K_X13_Y9, M4K_X13_Y10 ;
; lpm_rom2:inst51|altsyncram:altsyncram_component|altsyncram_tq21:auto_generated|ALTSYNCRAM  ; AUTO ; ROM  ; Single Clock ; 128          ; 16           ; --           ; --           ; yes                    ; yes                     ; --                     ; --                      ; 2048 ; 128                         ; 16                          ; --                          ; --                          ; 2048                ; 2    ; myx.mif           ; M4K_X13_Y9, M4K_X13_Y10 ;
; lpm_rom3:inst152|altsyncram:altsyncram_component|altsyncram_j031:auto_generated|ALTSYNCRAM ; AUTO ; ROM  ; Single Clock ; 128          ; 16           ; --           ; --           ; yes                    ; yes                     ; --                     ; --                      ; 2048 ; 128                         ; 16                          ; --                          ; --                          ; 2048                ; 2    ; heart.mif         ; M4K_X13_Y9, M4K_X13_Y10 ;
+--------------------------------------------------------------------------------------------+------+------+--------------+--------------+--------------+--------------+--------------+------------------------+-------------------------+------------------------+-------------------------+------+-----------------------------+-----------------------------+-----------------------------+-----------------------------+---------------------+------+-------------------+-------------------------+
Note: Fitter may spread logical memories into multiple blocks to improve timing. The actual required RAM blocks can be found in the Fitter Resource Usage section.


+----------------------------------------------------+
; Interconnect Usage Summary                         ;
+----------------------------+-----------------------+
; Interconnect Resource Type ; Usage                 ;
+----------------------------+-----------------------+
; C4s                        ; 251 / 8,840 ( 3 % )   ;
; Direct links               ; 34 / 11,506 ( < 1 % ) ;
; Global clocks              ; 8 / 8 ( 100 % )       ;
; LAB clocks                 ; 24 / 156 ( 15 % )     ;
; LUT chains                 ; 14 / 2,619 ( < 1 % )  ;
; Local interconnects        ; 352 / 11,506 ( 3 % )  ;
; M4K buffers                ; 64 / 468 ( 14 % )     ;
; R4s                        ; 262 / 7,520 ( 3 % )   ;
+----------------------------+-----------------------+


+---------------------------------------------------------------------------+
; LAB Logic Elements                                                        ;
+--------------------------------------------+------------------------------+
; Number of Logic Elements  (Average = 6.81) ; Number of LABs  (Total = 36) ;
+--------------------------------------------+------------------------------+
; 1                                          ; 3                            ;
; 2                                          ; 3                            ;
; 3                                          ; 2                            ;
; 4                                          ; 6                            ;
; 5                                          ; 1                            ;
; 6                                          ; 1                            ;
; 7                                          ; 0                            ;
; 8                                          ; 1                            ;
; 9                                          ; 3                            ;
; 10                                         ; 16                           ;
+--------------------------------------------+------------------------------+


+-------------------------------------------------------------------+
; LAB-wide Signals                                                  ;
+------------------------------------+------------------------------+
; LAB-wide Signals  (Average = 0.67) ; Number of LABs  (Total = 36) ;
+------------------------------------+------------------------------+
; 1 Async. clear                     ; 1                            ;
; 1 Clock                            ; 20                           ;
; 2 Clocks                           ; 3                            ;
+------------------------------------+------------------------------+


+----------------------------------------------------------------------------+
; LAB Signals Sourced                                                        ;
+---------------------------------------------+------------------------------+
; Number of Signals Sourced  (Average = 7.03) ; Number of LABs  (Total = 36) ;
+---------------------------------------------+------------------------------+
; 0                                           ; 0                            ;
; 1                                           ; 3                            ;
; 2                                           ; 3                            ;
; 3                                           ; 2                            ;
; 4                                           ; 6                            ;
; 5                                           ; 1                            ;
; 6                                           ; 1                            ;
; 7                                           ; 0                            ;
; 8                                           ; 1                            ;
; 9                                           ; 4                            ;
; 10                                          ; 11                           ;
; 11                                          ; 1                            ;
; 12                                          ; 1                            ;
; 13                                          ; 2                            ;
+---------------------------------------------+------------------------------+


+--------------------------------------------------------------------------------+
; LAB Signals Sourced Out                                                        ;
+-------------------------------------------------+------------------------------+
; Number of Signals Sourced Out  (Average = 3.78) ; Number of LABs  (Total = 36) ;
+-------------------------------------------------+------------------------------+
; 0                                               ; 0                            ;
; 1                                               ; 12                           ;
; 2                                               ; 2                            ;
; 3                                               ; 0                            ;
; 4                                               ; 7                            ;
; 5                                               ; 7                            ;
; 6                                               ; 2                            ;
; 7                                               ; 3                            ;
; 8                                               ; 3                            ;
+-------------------------------------------------+------------------------------+


+----------------------------------------------------------------------------+
; LAB Distinct Inputs                                                        ;
+---------------------------------------------+------------------------------+
; Number of Distinct Inputs  (Average = 8.00) ; Number of LABs  (Total = 36) ;
+---------------------------------------------+------------------------------+
; 0                                           ; 0                            ;
; 1                                           ; 9                            ;
; 2                                           ; 5                            ;
; 3                                           ; 1                            ;
; 4                                           ; 1                            ;
; 5                                           ; 2                            ;
; 6                                           ; 2                            ;
; 7                                           ; 0                            ;
; 8                                           ; 1                            ;
; 9                                           ; 2                            ;
; 10                                          ; 1                            ;
; 11                                          ; 0                            ;
; 12                                          ; 1                            ;
; 13                                          ; 2                            ;
; 14                                          ; 0                            ;
; 15                                          ; 0                            ;
; 16                                          ; 1                            ;
; 17                                          ; 2                            ;
; 18                                          ; 2                            ;
; 19                                          ; 0                            ;
; 20                                          ; 4                            ;
+---------------------------------------------+------------------------------+


+-------------------------------------------------------------------------+
; Fitter Device Options                                                   ;
+----------------------------------------------+--------------------------+
; Option                                       ; Setting                  ;
+----------------------------------------------+--------------------------+
; Enable user-supplied start-up clock (CLKUSR) ; Off                      ;
; Enable device-wide reset (DEV_CLRn)          ; Off                      ;
; Enable device-wide output enable (DEV_OE)    ; Off                      ;
; Enable INIT_DONE output                      ; Off                      ;
; Configuration scheme                         ; Active Serial            ;
; Error detection CRC                          ; Off                      ;
; ASDO,nCSO                                    ; As input tri-stated      ;
; Reserve all unused pins                      ; As output driving ground ;
; Base pin-out file on sameframe device        ; Off                      ;
+----------------------------------------------+--------------------------+


+------------------------------------------------------------+
; Estimated Delay Added for Hold Timing                      ;
+-----------------+----------------------+-------------------+
; Source Clock(s) ; Destination Clock(s) ; Delay Added in ns ;
+-----------------+----------------------+-------------------+
; OSC             ; I/O,OSC              ; 22.2291           ;
+-----------------+----------------------+-------------------+
Note: For more information on problematic transfers, consider running the Fitter again with the Optimize hold timing option (Settings Menu) turned off.
This will disable optimization of problematic paths and expose them for further analysis using either the TimeQuest Timing Analyzer or the Classic Timing Analyzer.


+----------------------------+
; Advanced Data - General    ;
+--------------------+-------+
; Name               ; Value ;
+--------------------+-------+
; Status Code        ; 0     ;
; Desired User Slack ; 0     ;
; Fit Attempts       ; 1     ;
+--------------------+-------+


+-----------------------------------------------------------------------------------------------------------+
; Advanced Data - Placement Preparation                                                                     ;
+--------------------------------------------------------------------------------+--------------------------+
; Name                                                                           ; Value                    ;
+--------------------------------------------------------------------------------+--------------------------+
; Auto Fit Point 1 - Fit Attempt 1                                               ; ff                       ;
; Mid Wire Use - Fit Attempt 1                                                   ; 5                        ;
; Mid Slack - Fit Attempt 1                                                      ; -26004                   ;
; Internal Atom Count - Fit Attempt 1                                            ; 246                      ;
; LE/ALM Count - Fit Attempt 1                                                   ; 246                      ;
; LAB Count - Fit Attempt 1                                                      ; 37                       ;
; Outputs per Lab - Fit Attempt 1                                                ; 3.973                    ;
; Inputs per LAB - Fit Attempt 1                                                 ; 7.703                    ;
; Global Inputs per LAB - Fit Attempt 1                                          ; 0.649                    ;
; LAB Constraint 'non-global clock / CE pair + async load' - Fit Attempt 1       ; 0:29;1:6;2:2             ;
; LAB Constraint 'ce + sync load' - Fit Attempt 1                                ; 0:37                     ;
; LAB Constraint 'non-global controls' - Fit Attempt 1                           ; 0:24;1:11;2:2            ;
; LAB Constraint 'un-route combination' - Fit Attempt 1                          ; 0:32;1:5                 ;
; LAB Constraint 'non-global with asyn_clear' - Fit Attempt 1                    ; 0:24;1:11;2:2            ;
; LAB Constraint 'un-route with async_clear' - Fit Attempt 1                     ; 0:32;1:5                 ;
; LAB Constraint 'non-global async clear + sync clear' - Fit Attempt 1           ; 0:32;1:5                 ;
; LAB Constraint 'global non-clock/non-asynch_clear' - Fit Attempt 1             ; 0:37                     ;
; LAB Constraint 'ygr_cl_ngclk_gclkce_sload_aload_constraint' - Fit Attempt 1    ; 0:29;1:8                 ;
; LAB Constraint 'global control signals' - Fit Attempt 1                        ; 0:17;1:16;2:4            ;
; LAB Constraint 'clock / ce pair constraint' - Fit Attempt 1                    ; 0:14;1:12;2:11           ;
; LAB Constraint 'aload_aclr pair with aload used' - Fit Attempt 1               ; 0:37                     ;
; LAB Constraint 'aload_aclr pair' - Fit Attempt 1                               ; 0:14;1:20;2:3            ;
; LAB Constraint 'sload_sclear pair' - Fit Attempt 1                             ; 0:30;1:7                 ;
; LAB Constraint 'invert_a constraint' - Fit Attempt 1                           ; 0:15;1:22                ;
; LAB Constraint 'has placement constraint' - Fit Attempt 1                      ; 0:37                     ;
; LAB Constraint 'use of ADATA or SDATA by registers constraint' - Fit Attempt 1 ; 0:37                     ;
; LAB Constraint 'group hierarchy constraint' - Fit Attempt 1                    ; 0:1;1:16;2:9;3:8;4:2;5:1 ;
; LEs in Chains - Fit Attempt 1                                                  ; 19                       ;
; LEs in Long Chains - Fit Attempt 1                                             ; 0                        ;
; LABs with Chains - Fit Attempt 1                                               ; 5                        ;
; LABs with Multiple Chains - Fit Attempt 1                                      ; 0                        ;
; Time - Fit Attempt 1                                                           ; 0                        ;
+--------------------------------------------------------------------------------+--------------------------+


+----------------------------------------------+
; Advanced Data - Placement                    ;
+-------------------------------------+--------+
; Name                                ; Value  ;
+-------------------------------------+--------+
; Auto Fit Point 2 - Fit Attempt 1    ; ff     ;
; Early Wire Use - Fit Attempt 1      ; 2      ;
; Early Slack - Fit Attempt 1         ; -41749 ;
; Auto Fit Point 5 - Fit Attempt 1    ; ff     ;
; Mid Wire Use - Fit Attempt 1        ; 3      ;
; Mid Slack - Fit Attempt 1           ; -40982 ;
; Auto Fit Point 6 - Fit Attempt 1    ; ff     ;
; Auto Fit Point 6 - Fit Attempt 1    ; ff     ;
; Auto Fit Point 6 - Fit Attempt 1    ; ff     ;
; Auto Fit Point 5 - Fit Attempt 1    ; ff     ;
; Mid Wire Use - Fit Attempt 1        ; 3      ;
; Mid Slack - Fit Attempt 1           ; -40982 ;
; Auto Fit Point 6 - Fit Attempt 1    ; ff     ;
; Auto Fit Point 6 - Fit Attempt 1    ; ff     ;
; Auto Fit Point 6 - Fit Attempt 1    ; ff     ;
; Late Wire Use - Fit Attempt 1       ; 3      ;
; Late Slack - Fit Attempt 1          ; -40982 ;
; Peak Regional Wire - Fit Attempt 1  ; 0.000  ;
; Auto Fit Point 7 - Fit Attempt 1    ; ff     ;
; Time - Fit Attempt 1                ; 0      ;
; Time in tsm_tan.dll - Fit Attempt 1 ; 0.031  ;
+-------------------------------------+--------+


+---------------------------------------------------+
; Advanced Data - Routing                           ;
+-------------------------------------+-------------+
; Name                                ; Value       ;
+-------------------------------------+-------------+
; Early Slack - Fit Attempt 1         ; -40989      ;
; Early Wire Use - Fit Attempt 1      ; 4           ;
; Peak Regional Wire - Fit Attempt 1  ; 4           ;
; Mid Slack - Fit Attempt 1           ; -41487      ;
; Late Slack - Fit Attempt 1          ; -2147483648 ;
; Late Wire Use - Fit Attempt 1       ; 4           ;
; Time - Fit Attempt 1                ; 0           ;
; Time in tsm_tan.dll - Fit Attempt 1 ; 0.078       ;
+-------------------------------------+-------------+


+-----------------+
; Fitter Messages ;
+-----------------+
Info: *******************************************************************
Info: Running Quartus II Fitter
    Info: Version 9.0 Build 235 06/17/2009 Service Pack 2 SJ Web Edition
    Info: Processing started: Fri Nov 14 12:35:29 2025
Info: Command: quartus_fit --read_settings_files=off --write_settings_files=off KeyScanning -c KeyScanning
Info: Parallel compilation is enabled and will use 4 of the 10 processors detected
Info: Selected device EP1C3T144C8 for design "KeyScanning"
Info: Fitter is performing an Auto Fit compilation, which may decrease Fitter effort to reduce compilation time
Info: Device migration not selected. If you intend to use device migration later, you may need to change the pin assignments as they may be incompatible with other devices
    Info: Device EP1C3T144A8 is compatible
    Info: Device EP1C6T144C8 is compatible
Info: Fitter converted 2 user pins into dedicated programming pins
    Info: Pin ~nCSO~ is reserved at location 12
    Info: Pin ~ASDO~ is reserved at location 25
Info: Fitter is using the Classic Timing Analyzer
Info: Timing requirements not specified -- quality metrics such as performance and power consumption may be sacrificed to reduce compilation time.
Info: Completed User Assigned Global Signals Promotion Operation
Info: DQS I/O pins require 0 global routing resources
Info: Automatically promoted signal "OSC" to use Global clock in PIN 16
Info: Automatically promoted some destinations of signal "FrequencyDivider:inst|7490:inst4|7" to use Global clock
    Info: Destination "FrequencyDivider:inst|7490:inst4|7" may be non-global or may not use global clock
Info: Automatically promoted some destinations of signal "FrequencyDivider:inst|7490:inst8|7" to use Global clock
    Info: Destination "FrequencyDivider:inst|7490:inst8|7" may be non-global or may not use global clock
Info: Automatically promoted some destinations of signal "FrequencyDivider:inst|7490:inst2|7" to use Global clock
    Info: Destination "FrequencyDivider:inst|7490:inst2|7" may be non-global or may not use global clock
Info: Automatically promoted some destinations of signal "FrequencyDivider:inst|7490:inst|7" to use Global clock
    Info: Destination "FrequencyDivider:inst|7490:inst|7" may be non-global or may not use global clock
Info: Automatically promoted signal "Key:inst169|inst1" to use Global clock
Info: Automatically promoted some destinations of signal "FrequencyDivider:inst|7490:inst3|7" to use Global clock
    Info: Destination "FrequencyDivider:inst|7490:inst3|7" may be non-global or may not use global clock
Info: Automatically promoted some destinations of signal "FrequencyDivider:inst|7490:inst5|19" to use Global clock
    Info: Destination "inst47" may be non-global or may not use global clock
    Info: Destination "FrequencyDivider:inst|7490:inst5|11" may be non-global or may not use global clock
Info: Completed Auto Global Promotion Operation
Info: Starting register packing
Info: Fitter is using Normal packing mode for logic elements with Auto setting for Auto Packed Registers logic option
Info: Finished moving registers into I/O cells, LUTs, and RAM blocks
Info: Finished register packing
Info: Design uses memory blocks. Violating setup or hold times of memory block address registers for either read or write operations could cause memory contents to be corrupted. Make sure that all memory block address registers meet the setup and hold time requirements.
Info: Fitter preparation operations ending: elapsed time is 00:00:00
Info: Fitter placement preparation operations beginning
Info: Fitter placement preparation operations ending: elapsed time is 00:00:00
Info: Fitter placement operations beginning
Info: Fitter placement was successful
Info: Fitter placement operations ending: elapsed time is 00:00:00
Info: Estimated most critical path is register to memory delay of 2.509 ns
    Info: 1: + IC(0.000 ns) + CELL(0.000 ns) = 0.000 ns; Loc. = LAB_X12_Y9; Fanout = 4; REG Node = '74161:inst155|f74161:sub|9'
    Info: 2: + IC(0.193 ns) + CELL(0.590 ns) = 0.783 ns; Loc. = LAB_X12_Y9; Fanout = 64; COMB Node = 'busmux:inst162|lpm_mux:$00000|mux_6fc:auto_generated|result_node[0]~8'
    Info: 3: + IC(1.343 ns) + CELL(0.383 ns) = 2.509 ns; Loc. = M4K_X13_Y10; Fanout = 1; MEM Node = 'lpm_rom2:inst51|altsyncram:altsyncram_component|altsyncram_tq21:auto_generated|ram_block1a0~porta_address_reg3'
    Info: Total cell delay = 0.973 ns ( 38.78 % )
    Info: Total interconnect delay = 1.536 ns ( 61.22 % )
Info: Fitter routing operations beginning
Info: 4 (of 823) connections in the design require a large routing delay to satisfy hold requirements. Refer to the Fitter report for a summary of the relevant clock transfers. Also, check the circuit's timing constraints and clocking methodology, especially multicycles and gated clocks.
Info: Average interconnect usage is 3% of the available device resources
    Info: Peak interconnect usage is 4% of the available device resources in the region that extends from location X14_Y0 to location X27_Y14
Info: Fitter routing operations ending: elapsed time is 00:00:00
Info: The Fitter performed an Auto Fit compilation.  Optimizations were skipped to reduce compilation time.
    Info: Optimizations that may affect the design's routability were skipped
    Info: Optimizations that may affect the design's timing were skipped
Info: Fitter merged 2 physical RAM blocks that contain multiple logical RAM block slices into a single location
    Info: Following physical RAM blocks contain multiple logical RAM block slices
        Info: Physical RAM block M4K_X13_Y9 contains the following RAM block slices
            Info: RAM block slice "lpm_rom2:inst51|altsyncram:altsyncram_component|altsyncram_tq21:auto_generated|ram_block1a10"
            Info: RAM block slice "lpm_rom1:inst48|altsyncram:altsyncram_component|altsyncram_sm31:auto_generated|ram_block1a10"
            Info: RAM block slice "lpm_rom0:inst17|altsyncram:altsyncram_component|altsyncram_v231:auto_generated|ram_block1a10"
            Info: RAM block slice "lpm_rom3:inst152|altsyncram:altsyncram_component|altsyncram_j031:auto_generated|ram_block1a10"
            Info: RAM block slice "lpm_rom2:inst51|altsyncram:altsyncram_component|altsyncram_tq21:auto_generated|ram_block1a8"
            Info: RAM block slice "lpm_rom1:inst48|altsyncram:altsyncram_component|altsyncram_sm31:auto_generated|ram_block1a8"
            Info: RAM block slice "lpm_rom0:inst17|altsyncram:altsyncram_component|altsyncram_v231:auto_generated|ram_block1a8"
            Info: RAM block slice "lpm_rom3:inst152|altsyncram:altsyncram_component|altsyncram_j031:auto_generated|ram_block1a8"
            Info: RAM block slice "lpm_rom1:inst48|altsyncram:altsyncram_component|altsyncram_sm31:auto_generated|ram_block1a11"
            Info: RAM block slice "lpm_rom2:inst51|altsyncram:altsyncram_component|altsyncram_tq21:auto_generated|ram_block1a11"
            Info: RAM block slice "lpm_rom0:inst17|altsyncram:altsyncram_component|altsyncram_v231:auto_generated|ram_block1a11"
            Info: RAM block slice "lpm_rom3:inst152|altsyncram:altsyncram_component|altsyncram_j031:auto_generated|ram_block1a11"
            Info: RAM block slice "lpm_rom1:inst48|altsyncram:altsyncram_component|altsyncram_sm31:auto_generated|ram_block1a9"
            Info: RAM block slice "lpm_rom2:inst51|altsyncram:altsyncram_component|altsyncram_tq21:auto_generated|ram_block1a9"
            Info: RAM block slice "lpm_rom0:inst17|altsyncram:altsyncram_component|altsyncram_v231:auto_generated|ram_block1a9"
            Info: RAM block slice "lpm_rom3:inst152|altsyncram:altsyncram_component|altsyncram_j031:auto_generated|ram_block1a9"
            Info: RAM block slice "lpm_rom2:inst51|altsyncram:altsyncram_component|altsyncram_tq21:auto_generated|ram_block1a6"
            Info: RAM block slice "lpm_rom1:inst48|altsyncram:altsyncram_component|altsyncram_sm31:auto_generated|ram_block1a6"
            Info: RAM block slice "lpm_rom0:inst17|altsyncram:altsyncram_component|altsyncram_v231:auto_generated|ram_block1a6"
            Info: RAM block slice "lpm_rom3:inst152|altsyncram:altsyncram_component|altsyncram_j031:auto_generated|ram_block1a6"
            Info: RAM block slice "lpm_rom2:inst51|altsyncram:altsyncram_component|altsyncram_tq21:auto_generated|ram_block1a4"
            Info: RAM block slice "lpm_rom1:inst48|altsyncram:altsyncram_component|altsyncram_sm31:auto_generated|ram_block1a4"
            Info: RAM block slice "lpm_rom0:inst17|altsyncram:altsyncram_component|altsyncram_v231:auto_generated|ram_block1a4"
            Info: RAM block slice "lpm_rom3:inst152|altsyncram:altsyncram_component|altsyncram_j031:auto_generated|ram_block1a4"
            Info: RAM block slice "lpm_rom1:inst48|altsyncram:altsyncram_component|altsyncram_sm31:auto_generated|ram_block1a7"
            Info: RAM block slice "lpm_rom2:inst51|altsyncram:altsyncram_component|altsyncram_tq21:auto_generated|ram_block1a7"
            Info: RAM block slice "lpm_rom0:inst17|altsyncram:altsyncram_component|altsyncram_v231:auto_generated|ram_block1a7"
            Info: RAM block slice "lpm_rom3:inst152|altsyncram:altsyncram_component|altsyncram_j031:auto_generated|ram_block1a7"
            Info: RAM block slice "lpm_rom1:inst48|altsyncram:altsyncram_component|altsyncram_sm31:auto_generated|ram_block1a5"
            Info: RAM block slice "lpm_rom2:inst51|altsyncram:altsyncram_component|altsyncram_tq21:auto_generated|ram_block1a5"
            Info: RAM block slice "lpm_rom0:inst17|altsyncram:altsyncram_component|altsyncram_v231:auto_generated|ram_block1a5"
            Info: RAM block slice "lpm_rom3:inst152|altsyncram:altsyncram_component|altsyncram_j031:auto_generated|ram_block1a5"
            Info: RAM block slice "lpm_rom2:inst51|altsyncram:altsyncram_component|altsyncram_tq21:auto_generated|ram_block1a2"
            Info: RAM block slice "lpm_rom1:inst48|altsyncram:altsyncram_component|altsyncram_sm31:auto_generated|ram_block1a2"
            Info: RAM block slice "lpm_rom0:inst17|altsyncram:altsyncram_component|altsyncram_v231:auto_generated|ram_block1a2"
            Info: RAM block slice "lpm_rom3:inst152|altsyncram:altsyncram_component|altsyncram_j031:auto_generated|ram_block1a2"
        Info: Physical RAM block M4K_X13_Y10 contains the following RAM block slices
            Info: RAM block slice "lpm_rom2:inst51|altsyncram:altsyncram_component|altsyncram_tq21:auto_generated|ram_block1a0"
            Info: RAM block slice "lpm_rom1:inst48|altsyncram:altsyncram_component|altsyncram_sm31:auto_generated|ram_block1a0"
            Info: RAM block slice "lpm_rom0:inst17|altsyncram:altsyncram_component|altsyncram_v231:auto_generated|ram_block1a0"
            Info: RAM block slice "lpm_rom3:inst152|altsyncram:altsyncram_component|altsyncram_j031:auto_generated|ram_block1a0"
            Info: RAM block slice "lpm_rom1:inst48|altsyncram:altsyncram_component|altsyncram_sm31:auto_generated|ram_block1a3"
            Info: RAM block slice "lpm_rom2:inst51|altsyncram:altsyncram_component|altsyncram_tq21:auto_generated|ram_block1a3"
            Info: RAM block slice "lpm_rom0:inst17|altsyncram:altsyncram_component|altsyncram_v231:auto_generated|ram_block1a3"
            Info: RAM block slice "lpm_rom3:inst152|altsyncram:altsyncram_component|altsyncram_j031:auto_generated|ram_block1a3"
            Info: RAM block slice "lpm_rom1:inst48|altsyncram:altsyncram_component|altsyncram_sm31:auto_generated|ram_block1a1"
            Info: RAM block slice "lpm_rom2:inst51|altsyncram:altsyncram_component|altsyncram_tq21:auto_generated|ram_block1a1"
            Info: RAM block slice "lpm_rom0:inst17|altsyncram:altsyncram_component|altsyncram_v231:auto_generated|ram_block1a1"
            Info: RAM block slice "lpm_rom3:inst152|altsyncram:altsyncram_component|altsyncram_j031:auto_generated|ram_block1a1"
            Info: RAM block slice "lpm_rom2:inst51|altsyncram:altsyncram_component|altsyncram_tq21:auto_generated|ram_block1a14"
            Info: RAM block slice "lpm_rom1:inst48|altsyncram:altsyncram_component|altsyncram_sm31:auto_generated|ram_block1a14"
            Info: RAM block slice "lpm_rom0:inst17|altsyncram:altsyncram_component|altsyncram_v231:auto_generated|ram_block1a14"
            Info: RAM block slice "lpm_rom3:inst152|altsyncram:altsyncram_component|altsyncram_j031:auto_generated|ram_block1a14"
            Info: RAM block slice "lpm_rom2:inst51|altsyncram:altsyncram_component|altsyncram_tq21:auto_generated|ram_block1a12"
            Info: RAM block slice "lpm_rom1:inst48|altsyncram:altsyncram_component|altsyncram_sm31:auto_generated|ram_block1a12"
            Info: RAM block slice "lpm_rom0:inst17|altsyncram:altsyncram_component|altsyncram_v231:auto_generated|ram_block1a12"
            Info: RAM block slice "lpm_rom3:inst152|altsyncram:altsyncram_component|altsyncram_j031:auto_generated|ram_block1a12"
            Info: RAM block slice "lpm_rom1:inst48|altsyncram:altsyncram_component|altsyncram_sm31:auto_generated|ram_block1a15"
            Info: RAM block slice "lpm_rom2:inst51|altsyncram:altsyncram_component|altsyncram_tq21:auto_generated|ram_block1a15"
            Info: RAM block slice "lpm_rom0:inst17|altsyncram:altsyncram_component|altsyncram_v231:auto_generated|ram_block1a15"
            Info: RAM block slice "lpm_rom3:inst152|altsyncram:altsyncram_component|altsyncram_j031:auto_generated|ram_block1a15"
            Info: RAM block slice "lpm_rom1:inst48|altsyncram:altsyncram_component|altsyncram_sm31:auto_generated|ram_block1a13"
            Info: RAM block slice "lpm_rom2:inst51|altsyncram:altsyncram_component|altsyncram_tq21:auto_generated|ram_block1a13"
            Info: RAM block slice "lpm_rom0:inst17|altsyncram:altsyncram_component|altsyncram_v231:auto_generated|ram_block1a13"
            Info: RAM block slice "lpm_rom3:inst152|altsyncram:altsyncram_component|altsyncram_j031:auto_generated|ram_block1a13"
Info: Completed Fixed Delay Chain Operation
Info: Started post-fitting delay annotation
Info: Delay annotation completed successfully
Info: Completed Auto Delay Chain Operation
Info: Design uses memory blocks. Violating setup or hold times of memory block address registers for either read or write operations could cause memory contents to be corrupted. Make sure that all memory block address registers meet the setup and hold time requirements.
Warning: Following 2 pins have nothing, GND, or VCC driving datain port -- changes to this connectivity may change fitting results
    Info: Pin DE3 has GND driving its datain port
    Info: Pin ACOM has VCC driving its datain port
Warning: The Reserve All Unused Pins setting has not been specified, and will default to 'As output driving ground'.
Info: Generated suppressed messages file C:/Users/Ma Yuxuan/Desktop/KeyScanning -最终优化版/KeyScanning.fit.smsg
Info: Quartus II Fitter was successful. 0 errors, 2 warnings
    Info: Peak virtual memory: 283 megabytes
    Info: Processing ended: Fri Nov 14 12:35:30 2025
    Info: Elapsed time: 00:00:01
    Info: Total CPU time (on all processors): 00:00:01


+----------------------------+
; Fitter Suppressed Messages ;
+----------------------------+
The suppressed messages can be found in C:/Users/Ma Yuxuan/Desktop/KeyScanning -最终优化版/KeyScanning.fit.smsg.


